sex,age,absences,G1,G2,failures,studytime,famsup,higher,Roll_No,Dept,Semester,Attendance%,Test1,Test2,Test3,Avg_Score,Fee_Pending,Backlogs,Risk_Label,Attendance_Score,Avg_Score_Risk,Backlogs_Score,Failures_Score,Risk_Score,Risk_Label_5,Predicted_Risk_Label_5
F,18,6,5,6,0,2,no,yes,R1000,CSE,2,90.6,21,33,29,27.7,2267,1,High,14.100000000000009,108.44999999999999,30,0,52.019999999999996,Medium,Medium
F,17,4,5,5,0,2,yes,yes,R1001,CE,5,92.6,27,23,40,30.0,14730,0,High,11.100000000000009,105.0,0,0,46.440000000000005,Medium,Medium
F,15,10,7,8,3,2,no,yes,R1002,CE,1,82.7,36,40,64,46.7,11161,0,Low,25.949999999999996,79.94999999999999,0,90,51.36,Medium,Medium
F,15,2,15,14,0,3,yes,yes,R1003,ECE,7,99.0,81,60,80,73.7,11672,0,Low,1.5,39.449999999999996,0,0,16.38,Very Low,Low
F,16,4,6,10,0,2,yes,yes,R1004,CSE,5,91.2,36,57,96,63.0,2989,0,Low,13.199999999999996,55.5,0,0,27.48,Low,Low
M,16,10,15,15,0,2,yes,yes,R1005,ME,8,78.4,80,65,63,69.3,17802,1,High,32.39999999999999,46.050000000000004,30,0,34.379999999999995,Low,Low
M,16,0,12,12,0,2,no,yes,R1006,ECE,5,100.0,54,53,69,58.7,1699,0,Low,0.0,61.949999999999996,0,0,24.78,Low,Low
F,17,6,6,5,0,2,yes,yes,R1007,ECE,7,92.9,33,29,67,43.0,14935,0,Low,10.649999999999991,85.5,0,0,38.46,Low,Low
M,15,0,16,18,0,2,yes,yes,R1008,CSE,2,100.0,94,86,70,83.3,12324,1,High,0.0,25.050000000000004,30,0,13.020000000000003,Very Low,Very Low
M,15,0,14,15,0,2,yes,yes,R1009,CE,6,100.0,71,72,78,73.7,6465,1,High,0.0,39.449999999999996,30,0,18.78,Very Low,Low
F,15,0,10,8,0,2,yes,yes,R1010,CSE,1,100.0,57,43,21,40.3,5901,2,High,0.0,89.55000000000001,60,0,41.82000000000001,Medium,Medium
F,15,4,10,12,0,3,yes,yes,R1011,ME,3,89.0,42,53,63,52.7,14432,0,Low,16.5,70.94999999999999,0,0,34.98,Low,Low
M,15,2,14,14,0,1,yes,yes,R1012,CE,4,92.7,81,62,56,66.3,4412,1,High,10.949999999999996,50.550000000000004,30,0,27.6,Low,Low
M,15,2,10,10,0,2,yes,yes,R1013,CSE,6,95.4,58,49,26,44.3,4458,2,High,6.8999999999999915,83.55000000000001,60,0,42.18000000000001,Medium,Medium
M,15,0,14,16,0,3,yes,yes,R1014,ECE,2,100.0,61,69,3,44.3,10644,1,High,0.0,83.55000000000001,30,0,36.42000000000001,Low,Low
F,16,4,14,14,0,1,yes,yes,R1015,CE,5,96.6,81,72,31,61.3,743,1,High,5.1000000000000085,58.050000000000004,30,0,28.260000000000005,Low,Low
F,16,6,13,14,0,3,yes,yes,R1016,CSE,2,85.6,64,67,25,52.0,2441,1,High,21.60000000000001,72.0,30,0,40.440000000000005,Medium,Medium
F,16,4,8,10,0,2,yes,yes,R1017,CE,7,92.1,45,44,63,50.7,6243,0,Low,11.850000000000009,73.94999999999999,0,0,34.32,Low,Low
M,17,16,6,5,3,1,yes,yes,R1018,CSE,8,63.2,26,23,35,28.0,11356,0,High,55.199999999999996,108.0,0,90,74.28,High,High
M,16,4,8,10,0,1,no,yes,R1019,ME,8,90.9,36,45,39,40.0,18700,2,High,13.649999999999991,90.0,60,0,47.459999999999994,Medium,Medium
M,15,0,13,14,0,2,no,yes,R1020,CSE,1,97.3,74,82,76,77.3,760,1,High,4.050000000000004,34.050000000000004,30,0,18.240000000000006,Very Low,Very Low
M,15,0,12,15,0,1,yes,yes,R1021,ME,7,100.0,63,87,6,52.0,773,0,Low,0.0,72.0,0,0,28.8,Low,Low
M,16,2,15,15,0,2,no,yes,R1022,ECE,4,100.0,67,67,57,63.7,10840,0,Low,0.0,54.449999999999996,0,0,21.78,Low,Low
M,16,0,13,13,0,2,yes,yes,R1023,CSE,5,100.0,63,66,12,47.0,19178,2,High,0.0,79.5,60,0,37.8,Low,Low
F,15,2,10,9,0,3,yes,yes,R1024,CSE,4,92.8,52,52,0,34.7,13589,0,High,10.800000000000004,97.94999999999999,0,0,43.5,Medium,Medium
F,16,14,6,9,2,1,yes,yes,R1025,CSE,7,76.4,29,40,61,43.3,605,1,High,35.39999999999999,85.05000000000001,30,60,57.18,Medium,Medium
M,15,2,12,12,0,1,yes,yes,R1026,ECE,7,92.6,54,61,46,53.7,12834,2,High,11.100000000000009,69.44999999999999,60,0,38.22,Low,Low
M,15,4,15,16,0,1,no,yes,R1027,ME,8,96.4,85,77,61,74.3,11610,1,High,5.3999999999999915,38.550000000000004,30,0,20.58,Low,Low
M,16,4,11,11,0,2,yes,yes,R1028,CSE,8,92.2,61,59,74,64.7,3313,1,High,11.699999999999996,52.949999999999996,30,0,28.86,Low,Low
M,16,16,10,12,0,2,yes,yes,R1029,CE,1,67.9,43,53,27,41.0,14143,1,High,48.14999999999999,88.5,30,0,57.66,Medium,Medium
M,15,0,9,11,0,2,yes,yes,R1030,ECE,3,100.0,45,55,45,48.3,5304,2,High,0.0,77.55000000000001,60,0,37.02000000000001,Low,Low
M,15,0,17,16,0,2,yes,yes,R1031,CSE,5,100.0,90,96,21,69.0,4285,0,Low,0.0,46.5,0,0,18.6,Very Low,Low
M,15,0,17,16,0,2,yes,yes,R1032,ECE,4,100.0,92,87,15,64.7,11098,0,Low,0.0,52.949999999999996,0,0,21.18,Low,Low
M,15,0,8,10,0,2,no,yes,R1033,CSE,3,95.5,37,53,17,35.7,7292,1,High,6.75,96.44999999999999,30,0,44.28,Medium,Medium
M,16,0,12,14,0,1,yes,yes,R1034,CE,7,100.0,68,57,76,67.0,15177,1,High,0.0,49.5,30,0,22.8,Low,Low
F,15,0,8,7,0,1,yes,yes,R1035,ME,5,97.4,45,30,65,46.7,3774,1,High,3.8999999999999915,79.94999999999999,30,0,36.53999999999999,Low,Low
M,15,2,15,16,0,3,yes,yes,R1036,CE,4,98.4,86,77,5,56.0,16465,1,High,2.3999999999999915,66.0,30,0,30.36,Low,Low
M,16,7,15,16,0,3,yes,yes,R1037,ECE,5,83.5,79,67,0,48.7,251,0,Low,24.75,76.94999999999999,0,0,40.68,Medium,Medium
F,15,2,12,12,0,3,yes,yes,R1038,ME,5,97.2,67,54,17,46.0,13,0,Low,4.199999999999996,81.0,0,0,34.08,Low,Low
F,15,8,14,13,0,1,yes,yes,R1039,ECE,6,86.5,68,71,68,69.0,9114,1,High,20.25,46.5,30,0,29.700000000000003,Low,Low
F,16,25,7,10,1,2,yes,yes,R1040,ECE,1,47.7,29,58,48,45.0,16934,0,High,78.44999999999999,82.5,0,30,67.38,High,High
M,15,8,12,12,0,1,yes,yes,R1041,ECE,3,81.1,64,61,18,47.7,15212,0,Low,28.35000000000001,78.44999999999999,0,0,42.72,Medium,Medium
M,15,2,19,18,0,2,yes,yes,R1042,ME,3,92.8,97,100,3,66.7,5730,0,Low,10.800000000000004,49.949999999999996,0,0,24.300000000000004,Low,Low
M,15,0,8,8,0,1,yes,yes,R1043,CSE,2,100.0,48,36,60,48.0,11832,0,Low,0.0,78.0,0,0,31.200000000000003,Low,Low
F,16,14,10,10,1,2,no,yes,R1044,CE,8,75.7,52,52,19,41.0,105,0,Low,36.449999999999996,88.5,0,30,52.98,Medium,Medium
F,15,8,8,8,0,2,yes,yes,R1045,CSE,5,85.7,41,36,60,45.7,13949,1,High,21.449999999999996,81.44999999999999,30,0,44.16,Medium,Medium
F,16,12,11,12,0,2,yes,yes,R1046,ECE,4,74.7,50,52,33,45.0,17481,1,High,37.949999999999996,82.5,30,0,51.18,Medium,Medium
M,16,4,19,19,0,4,no,yes,R1047,ME,5,87.7,92,90,16,66.0,12583,0,Low,18.449999999999996,51.0,0,0,27.78,Low,Low
M,15,2,15,15,0,2,yes,yes,R1048,ECE,7,91.5,75,67,42,61.3,4188,0,Low,12.75,58.050000000000004,0,0,28.320000000000004,Low,Low
F,15,2,7,7,1,2,yes,yes,R1049,CSE,7,95.3,38,37,33,36.0,4465,1,High,7.050000000000004,96.0,30,30,47.220000000000006,Medium,Medium
F,16,2,12,13,0,2,yes,yes,R1050,CSE,3,91.2,49,56,23,42.7,11009,0,Low,13.199999999999996,85.94999999999999,0,0,39.66,Low,Low
F,15,2,11,13,0,2,yes,yes,R1051,CSE,4,96.8,48,73,0,40.3,9375,2,High,4.800000000000004,89.55000000000001,60,0,43.74000000000001,Medium,Medium
M,15,6,11,11,1,1,no,yes,R1052,ECE,8,85.6,60,54,3,39.0,6805,1,High,21.60000000000001,91.5,30,30,51.24000000000001,Medium,Medium
F,15,0,8,10,0,1,yes,yes,R1053,ECE,4,100.0,32,44,66,47.3,8914,1,High,0.0,79.05000000000001,30,0,34.620000000000005,Low,Low
F,15,6,10,13,0,1,no,yes,R1054,ECE,4,86.5,45,69,20,44.7,16559,0,Low,20.25,82.94999999999999,0,0,41.28,Medium,Medium
F,16,8,8,9,0,2,no,yes,R1055,ECE,4,86.7,43,50,37,43.3,14843,0,Low,19.949999999999996,85.05000000000001,0,0,42.0,Medium,Medium
F,15,0,14,15,0,2,yes,yes,R1056,ECE,2,100.0,66,88,56,70.0,1328,1,High,0.0,45.0,30,0,21.0,Low,Low
M,15,4,14,15,0,2,yes,yes,R1057,CE,2,87.9,79,63,32,58.0,12965,0,Low,18.14999999999999,63.0,0,0,32.46,Low,Low
M,15,2,9,10,0,2,yes,yes,R1058,ME,8,94.4,50,51,48,49.7,10067,0,Low,8.399999999999991,75.44999999999999,0,0,33.53999999999999,Low,Low
F,16,2,15,16,0,2,yes,yes,R1059,CE,7,99.9,61,70,21,50.7,19638,2,High,0.14999999999999147,73.94999999999999,60,0,35.63999999999999,Low,Low
F,16,6,10,11,0,2,yes,yes,R1060,ME,2,87.8,50,55,89,64.7,17171,0,Low,18.300000000000004,52.949999999999996,0,0,28.5,Low,Low
F,16,6,10,8,0,1,yes,yes,R1061,ECE,7,91.4,44,41,84,56.3,2998,0,Low,12.899999999999991,65.55000000000001,0,0,31.380000000000003,Low,Low
F,16,4,8,10,0,2,no,yes,R1062,ME,5,92.1,41,41,12,31.3,10478,1,High,11.850000000000009,103.05000000000001,30,0,48.96000000000001,Medium,Medium
F,16,2,10,9,0,3,yes,yes,R1063,ME,6,93.3,49,45,66,53.3,1014,2,High,10.050000000000004,70.05000000000001,60,0,38.040000000000006,Low,Low
F,15,0,10,10,0,2,no,yes,R1064,ECE,7,100.0,53,42,7,34.0,10433,2,High,0.0,99.0,60,0,45.6,Medium,Medium
F,16,2,16,15,0,2,yes,yes,R1065,CSE,5,91.3,66,68,44,59.3,1614,1,High,13.050000000000004,61.050000000000004,30,0,32.64,Low,Low
M,15,4,13,13,0,4,yes,yes,R1066,ECE,1,93.5,60,66,45,57.0,1772,0,Low,9.75,64.5,0,0,29.700000000000003,Low,Low
F,16,4,7,7,0,4,yes,yes,R1067,CE,8,91.8,37,40,27,34.7,2765,0,High,12.300000000000004,97.94999999999999,0,0,44.1,Medium,Medium
F,15,2,8,9,0,2,yes,yes,R1068,ME,1,97.2,40,43,4,29.0,5209,0,High,4.199999999999996,106.5,0,0,44.28,Medium,Medium
F,15,12,16,16,0,4,yes,yes,R1069,ME,7,77.1,80,93,45,72.7,14761,0,Low,34.35000000000001,40.949999999999996,0,0,30.120000000000005,Low,Low
M,16,0,13,15,0,4,yes,yes,R1070,CSE,5,100.0,67,77,50,64.7,11447,1,High,0.0,52.949999999999996,30,0,24.18,Low,Low
M,15,0,10,10,0,4,no,yes,R1071,ECE,2,100.0,60,47,27,44.7,19546,2,High,0.0,82.94999999999999,60,0,39.18,Low,Low
F,15,2,8,6,2,2,yes,yes,R1072,CSE,8,96.4,45,35,15,31.7,6288,0,High,5.3999999999999915,102.44999999999999,0,60,49.13999999999999,Medium,Medium
M,16,2,12,12,0,1,no,yes,R1073,CSE,8,95.7,67,54,63,61.3,3869,0,Low,6.449999999999996,58.050000000000004,0,0,25.8,Low,Low
F,16,54,11,12,0,2,yes,yes,R1074,ME,2,40.0,64,64,89,72.3,5173,0,High,90.0,41.550000000000004,0,0,52.620000000000005,Medium,Medium
M,15,6,9,9,0,2,yes,yes,R1075,ECE,8,87.3,43,49,61,51.0,4958,0,Low,19.050000000000004,73.5,0,0,37.02,Low,Low
M,15,8,11,11,0,4,no,yes,R1076,CE,1,82.9,65,54,45,54.7,15147,0,Low,25.64999999999999,67.94999999999999,0,0,37.44,Low,Low
F,16,0,11,11,0,4,no,yes,R1077,CSE,1,96.7,52,65,94,70.3,15320,2,High,4.949999999999996,44.550000000000004,60,0,25.8,Low,Low
M,17,2,8,8,3,1,yes,no,R1078,ME,3,97.8,42,33,1,25.3,14611,0,High,3.3000000000000043,112.05000000000001,0,90,55.14000000000001,Medium,Medium
F,16,12,5,5,0,2,yes,yes,R1079,ME,5,76.6,25,24,54,34.3,11364,1,High,35.10000000000001,98.55000000000001,30,0,56.460000000000015,Medium,Medium
M,15,2,10,12,0,1,yes,yes,R1080,CE,3,92.1,42,56,18,38.7,13252,1,High,11.850000000000009,91.94999999999999,30,0,44.519999999999996,Medium,Medium
M,15,4,11,10,0,3,no,yes,R1081,ECE,5,90.0,46,43,75,54.7,17827,1,High,15.0,67.94999999999999,30,0,36.17999999999999,Low,Low
F,15,10,7,6,0,2,yes,yes,R1082,CE,2,77.9,37,24,12,24.3,1576,1,High,33.14999999999999,113.55000000000001,30,0,61.68000000000001,High,Medium
M,15,4,15,15,0,2,no,yes,R1083,CSE,3,95.8,80,89,34,67.7,18753,1,High,6.300000000000004,48.449999999999996,30,0,24.900000000000002,Low,Low
F,15,2,9,10,0,2,yes,yes,R1084,ME,6,96.6,48,52,35,45.0,17798,0,Low,5.1000000000000085,82.5,0,0,35.040000000000006,Low,Low
F,15,6,7,9,2,2,no,yes,R1085,CSE,5,84.5,30,53,4,29.0,3748,1,High,23.25,106.5,30,60,60.900000000000006,High,High
F,16,4,8,7,0,2,yes,yes,R1086,ECE,6,89.2,33,33,12,26.0,1366,0,High,16.199999999999996,111.0,0,0,50.88,Medium,Medium
F,15,4,13,14,0,3,yes,yes,R1087,CE,7,88.7,53,59,43,51.7,6249,1,High,16.949999999999996,72.44999999999999,30,0,38.76,Low,Low
M,16,12,11,10,1,2,no,yes,R1088,CE,8,77.0,51,55,28,44.7,4216,1,High,34.5,82.94999999999999,30,30,52.980000000000004,Medium,Medium
M,16,18,8,6,0,2,yes,yes,R1089,CSE,8,59.1,45,36,100,60.3,1704,1,High,61.349999999999994,59.550000000000004,30,0,51.36,Medium,Medium
F,16,0,7,7,0,3,yes,yes,R1090,CSE,3,95.8,28,29,50,35.7,8303,1,High,6.300000000000004,96.44999999999999,30,0,44.1,Medium,Medium
F,15,4,16,17,0,1,no,yes,R1091,ME,3,92.8,85,75,40,66.7,4884,1,High,10.800000000000004,49.949999999999996,30,0,27.300000000000004,Low,Low
F,16,4,7,6,0,2,yes,yes,R1092,ME,3,95.9,36,31,97,54.7,17883,1,High,6.1499999999999915,67.94999999999999,30,0,32.63999999999999,Low,Low
F,16,0,11,10,0,2,yes,yes,R1093,CSE,2,100.0,61,60,86,69.0,19758,0,Low,0.0,46.5,0,0,18.6,Very Low,Low
M,15,6,11,13,0,4,yes,yes,R1094,ECE,1,90.4,57,62,97,72.0,16552,0,Low,14.399999999999991,42.0,0,0,22.56,Low,Low
F,15,2,7,10,1,4,yes,yes,R1095,CE,3,95.2,32,48,52,44.0,456,0,Low,7.199999999999996,84.0,0,30,39.48,Low,Low
M,16,2,11,15,0,1,yes,yes,R1096,CE,2,98.6,48,82,23,51.0,3507,1,High,2.1000000000000085,73.5,30,0,33.24000000000001,Low,Low
F,16,2,8,9,0,2,yes,yes,R1097,ECE,5,93.6,37,43,60,46.7,13245,1,High,9.600000000000009,79.94999999999999,30,0,38.82,Low,Low
F,16,6,11,14,0,1,no,yes,R1098,CSE,2,87.7,57,78,62,65.7,11885,0,Low,18.449999999999996,51.449999999999996,0,0,27.959999999999997,Low,Low
F,16,0,7,9,0,3,yes,yes,R1099,ME,6,100.0,37,38,75,50.0,11314,0,Low,0.0,75.0,0,0,30.0,Low,Low
M,16,14,7,7,0,1,yes,yes,R1100,CE,7,76.0,37,34,61,44.0,10368,0,Low,36.0,84.0,0,0,48.0,Medium,Medium
M,16,0,16,17,0,3,yes,yes,R1101,CSE,3,100.0,84,86,91,87.0,13344,0,Low,0.0,19.5,0,0,7.800000000000001,Very Low,Very Low
M,15,4,10,13,0,1,yes,yes,R1102,ME,5,92.3,47,61,37,48.3,15145,0,Low,11.550000000000004,77.55000000000001,0,0,35.64000000000001,Low,Low
F,15,26,7,6,0,2,yes,yes,R1103,ME,2,49.9,40,29,33,34.0,17246,1,High,75.15,99.0,30,0,72.66,High,High
M,15,0,16,18,0,2,yes,yes,R1104,ECE,1,100.0,64,86,67,72.3,8540,2,High,0.0,41.550000000000004,60,0,22.62,Low,Low
F,15,10,10,11,0,4,no,yes,R1105,ECE,3,76.0,46,54,52,50.7,18284,1,High,36.0,73.94999999999999,30,0,46.98,Medium,Medium
F,15,8,7,8,0,4,yes,yes,R1106,ECE,7,85.7,39,35,88,54.0,5634,1,High,21.449999999999996,69.0,30,0,39.18,Low,Low
M,16,2,16,18,0,3,yes,yes,R1107,ECE,7,95.0,74,100,13,62.3,9970,2,High,7.5,56.550000000000004,60,0,31.620000000000005,Low,Low
M,15,6,10,13,0,4,yes,yes,R1108,CSE,2,85.2,52,65,94,70.3,5259,1,High,22.199999999999996,44.550000000000004,30,0,29.700000000000003,Low,Low
F,16,4,14,15,0,3,yes,yes,R1109,ME,8,94.5,69,75,86,76.7,2969,0,Low,8.25,34.949999999999996,0,0,17.279999999999998,Very Low,Very Low
M,15,6,18,19,0,1,no,yes,R1110,ECE,7,84.0,98,100,61,86.3,364,1,High,24.0,20.550000000000004,30,0,20.820000000000004,Low,Low
F,16,0,7,10,1,3,yes,yes,R1111,CSE,3,99.4,29,47,83,53.0,18302,2,High,0.8999999999999915,70.5,60,30,37.56,Low,Low
F,16,6,10,13,1,2,no,yes,R1112,CSE,1,87.0,50,77,41,56.0,19040,1,High,19.5,66.0,30,30,40.2,Medium,Medium
M,15,10,18,19,0,1,no,yes,R1113,CSE,8,84.2,100,100,89,96.3,3174,1,High,23.699999999999996,5.550000000000004,30,0,14.700000000000001,Very Low,Low
M,15,8,9,9,0,2,no,yes,R1114,CSE,1,79.4,45,39,91,58.3,11997,1,High,30.89999999999999,62.550000000000004,30,0,40.38,Medium,Medium
M,16,2,15,15,0,2,yes,yes,R1115,CE,7,92.7,78,67,84,76.3,6757,1,High,10.949999999999996,35.550000000000004,30,0,21.6,Low,Low
M,15,2,11,13,0,2,yes,yes,R1116,CE,1,96.6,60,71,26,52.3,4342,2,High,5.1000000000000085,71.55000000000001,60,0,36.66000000000001,Low,Low
M,16,0,13,14,0,1,no,yes,R1117,CSE,1,100.0,59,57,43,53.0,1202,1,High,0.0,70.5,30,0,31.200000000000003,Low,Low
M,17,20,9,7,1,2,yes,yes,R1118,CE,3,59.2,37,29,83,49.7,17650,2,High,61.199999999999996,75.44999999999999,60,30,63.66,High,High
M,15,6,14,13,0,1,no,yes,R1119,CE,2,86.5,59,70,26,51.7,15798,0,Low,20.25,72.44999999999999,0,0,37.08,Low,Low
F,15,2,16,15,0,2,no,yes,R1120,CSE,4,95.9,84,74,3,53.7,11925,0,Low,6.1499999999999915,69.44999999999999,0,0,30.239999999999995,Low,Low
M,15,6,16,14,0,4,yes,yes,R1121,ME,6,84.5,84,58,25,55.7,6195,0,Low,23.25,66.44999999999999,0,0,35.879999999999995,Low,Low
F,16,2,13,13,0,2,yes,yes,R1122,CE,7,99.2,69,75,39,61.0,1596,0,Low,1.1999999999999957,58.5,0,0,23.88,Low,Low
M,16,18,14,11,0,1,yes,yes,R1123,CE,4,64.2,58,49,96,67.7,4944,0,Low,53.699999999999996,48.449999999999996,0,0,40.86,Medium,Medium
F,16,0,8,7,0,2,no,yes,R1124,CSE,4,99.1,34,41,34,36.3,12949,1,High,1.3500000000000085,95.55000000000001,30,0,41.76000000000001,Medium,Medium
M,15,0,13,13,0,1,no,yes,R1125,ECE,1,100.0,71,62,71,68.0,19426,0,Low,0.0,48.0,0,0,19.200000000000003,Very Low,Very Low
F,15,0,7,10,0,2,no,yes,R1126,ME,2,99.7,41,55,47,47.7,3818,2,High,0.44999999999999574,78.44999999999999,60,0,37.559999999999995,Low,Low
F,19,2,7,8,3,2,yes,no,R1127,CE,2,98.2,40,36,33,36.3,2898,0,High,2.6999999999999957,95.55000000000001,0,90,48.300000000000004,Medium,Medium
M,18,0,7,4,2,1,yes,yes,R1128,ME,5,97.3,37,16,68,40.3,6725,1,High,4.050000000000004,89.55000000000001,30,60,46.44000000000001,Medium,Medium
M,16,8,18,18,0,1,no,yes,R1129,CE,3,85.5,95,98,28,73.7,17869,1,High,21.75,39.449999999999996,30,0,27.48,Low,Low
F,15,0,12,0,2,3,yes,yes,R1130,ECE,6,98.5,65,0,70,45.0,16911,0,Low,2.25,82.5,0,60,39.9,Low,Low
F,15,0,8,0,0,1,yes,yes,R1131,CE,8,100.0,41,0,40,27.0,17458,0,High,0.0,109.5,0,0,43.800000000000004,Medium,Medium
F,17,12,10,13,0,1,yes,yes,R1132,CSE,3,71.8,50,74,3,42.3,5714,1,High,42.300000000000004,86.55000000000001,30,0,54.540000000000006,Medium,Medium
F,16,16,12,11,0,1,no,yes,R1133,CE,1,70.4,69,53,68,63.3,16850,2,High,44.39999999999999,55.050000000000004,60,0,45.78,Medium,Medium
M,15,0,9,0,0,2,yes,yes,R1134,CE,7,100.0,40,0,91,43.7,8792,0,Low,0.0,84.44999999999999,0,0,33.779999999999994,Low,Low
F,15,0,11,0,0,3,yes,yes,R1135,CSE,1,97.4,62,0,23,28.3,3529,1,High,3.8999999999999915,107.55000000000001,30,0,47.580000000000005,Medium,Medium
M,17,0,10,0,0,2,no,yes,R1136,CE,2,100.0,47,0,91,46.0,15583,1,High,0.0,81.0,30,0,35.4,Low,Low
F,16,0,4,0,2,1,yes,yes,R1137,ECE,8,98.1,21,0,9,10.0,6352,1,High,2.8500000000000085,135.0,30,60,64.14,High,Medium
M,16,0,14,12,1,2,no,yes,R1138,CSE,6,99.6,70,59,36,55.0,1901,1,High,0.6000000000000085,67.5,30,30,33.24,Low,Low
F,15,0,16,16,0,1,no,yes,R1139,ME,6,95.2,89,66,54,69.7,18086,0,Low,7.199999999999996,45.449999999999996,0,0,21.06,Low,Low
M,15,0,7,9,0,4,yes,yes,R1140,ME,6,97.4,32,48,24,34.7,3603,0,High,3.8999999999999915,97.94999999999999,0,0,40.739999999999995,Medium,Medium
M,16,8,9,9,2,1,yes,yes,R1141,CSE,1,87.8,40,41,88,56.3,19619,0,Low,18.300000000000004,65.55000000000001,0,60,39.540000000000006,Low,Low
F,15,2,9,11,0,3,yes,yes,R1142,ECE,3,94.0,52,54,2,36.0,5777,2,High,9.0,96.0,60,0,48.00000000000001,Medium,Medium
F,16,2,14,14,0,1,no,yes,R1143,ME,3,100.0,78,78,49,68.3,10428,1,High,0.0,47.550000000000004,30,0,22.020000000000003,Low,Low
M,17,0,5,0,3,1,yes,yes,R1144,CSE,3,95.2,20,0,51,23.7,13374,0,High,7.199999999999996,114.44999999999999,0,90,57.66,Medium,Medium
F,15,0,8,11,0,2,yes,yes,R1145,ME,3,100.0,33,47,30,36.7,4196,0,High,0.0,94.94999999999999,0,0,37.98,Low,Medium
F,15,0,6,7,3,2,yes,yes,R1146,CE,8,100.0,26,40,100,55.3,18170,0,Low,0.0,67.05000000000001,0,90,35.82000000000001,Low,Low
F,15,2,10,11,0,2,yes,yes,R1147,ME,7,91.7,45,56,8,36.3,8667,1,High,12.449999999999996,95.55000000000001,30,0,46.2,Medium,Medium
M,16,0,7,6,0,1,yes,no,R1148,CSE,5,98.2,30,24,76,43.3,15376,1,High,2.6999999999999957,85.05000000000001,30,0,38.1,Low,Low
M,15,0,8,9,3,1,no,yes,R1149,ECE,1,96.8,40,44,70,51.3,7508,2,High,4.800000000000004,73.05000000000001,60,90,46.14000000000001,Medium,Medium
M,18,0,6,5,3,1,no,no,R1150,ME,8,95.7,27,26,97,50.0,8693,2,High,6.449999999999996,75.0,60,90,47.58,Medium,Medium
M,16,6,12,13,1,1,no,yes,R1151,ECE,7,92.9,63,56,38,52.3,10123,2,High,10.649999999999991,71.55000000000001,60,30,41.88,Medium,Medium
F,15,8,10,10,2,3,yes,yes,R1152,CE,2,88.0,46,59,27,44.0,13057,2,High,18.0,84.0,60,60,52.800000000000004,Medium,Medium
M,19,0,5,0,3,1,yes,no,R1153,ECE,7,99.0,27,0,49,25.3,19559,1,High,1.5,112.05000000000001,30,90,57.42000000000001,Medium,Medium
F,17,0,11,11,0,1,yes,yes,R1154,CSE,2,100.0,60,45,63,56.0,11074,0,Low,0.0,66.0,0,0,26.400000000000002,Low,Low
M,15,2,11,8,0,2,no,yes,R1155,ECE,6,97.3,51,33,33,39.0,3731,1,High,4.050000000000004,91.5,30,0,41.220000000000006,Medium,Medium
M,17,8,16,12,0,1,no,yes,R1156,ECE,7,79.5,72,49,55,58.7,10149,1,High,30.75,61.949999999999996,30,0,40.08,Medium,Medium
F,18,6,9,8,3,1,yes,yes,R1157,CE,8,90.4,49,40,12,33.7,1644,0,High,14.399999999999991,99.44999999999999,0,90,54.54,Medium,Medium
M,16,2,17,15,0,1,no,yes,R1158,ME,1,95.7,82,87,31,66.7,5133,1,High,6.449999999999996,49.949999999999996,30,0,25.56,Low,Low
M,16,4,10,12,1,2,yes,yes,R1159,ECE,3,93.7,51,70,30,50.3,3931,0,Low,9.449999999999996,74.55000000000001,0,30,36.60000000000001,Low,Low
M,17,0,7,6,2,1,no,no,R1160,CE,2,95.4,31,27,52,36.7,10016,0,High,6.8999999999999915,94.94999999999999,0,60,46.739999999999995,Medium,Medium
M,15,6,5,9,2,2,yes,yes,R1161,ECE,4,87.2,26,38,16,26.7,16851,1,High,19.199999999999996,109.94999999999999,30,60,60.66,High,High
M,16,0,7,0,1,1,no,yes,R1162,ME,2,98.4,37,0,53,30.0,3961,0,High,2.3999999999999915,105.0,0,30,45.959999999999994,Medium,Medium
M,17,2,10,10,0,1,no,no,R1163,CE,4,97.3,53,58,19,43.3,8424,0,Low,4.050000000000004,85.05000000000001,0,0,35.64000000000001,Low,Low
M,17,0,5,8,3,2,no,no,R1164,ME,5,95.1,24,36,83,47.7,14139,1,High,7.3500000000000085,78.44999999999999,30,90,46.32,Medium,Medium
M,16,16,12,11,1,1,yes,no,R1165,ECE,6,65.9,67,47,50,54.7,17647,0,Low,51.14999999999999,67.94999999999999,0,30,50.63999999999999,Medium,Medium
M,16,4,10,10,0,2,no,no,R1166,CE,3,95.9,49,55,60,54.7,8238,1,High,6.1499999999999915,67.94999999999999,30,0,32.63999999999999,Low,Low
F,16,0,14,15,0,2,no,yes,R1167,ME,4,96.9,67,79,77,74.3,8122,0,Low,4.6499999999999915,38.550000000000004,0,0,17.279999999999998,Very Low,Low
F,16,0,6,7,0,2,yes,yes,R1168,ECE,6,100.0,29,30,93,50.7,16963,1,High,0.0,73.94999999999999,30,0,32.58,Low,Low
F,16,0,14,14,0,2,yes,yes,R1169,ECE,4,100.0,57,69,4,43.3,3997,1,High,0.0,85.05000000000001,30,0,37.02,Low,Low
M,16,0,6,5,2,1,yes,yes,R1170,CE,1,95.8,34,21,21,25.3,8861,1,High,6.300000000000004,112.05000000000001,30,60,56.34000000000001,Medium,Medium
M,16,2,13,15,0,2,yes,yes,R1171,ECE,5,93.6,75,87,19,60.3,533,1,High,9.600000000000009,59.550000000000004,30,0,30.660000000000007,Low,Low
M,17,0,13,11,0,2,yes,yes,R1172,CSE,4,100.0,73,49,4,42.0,9972,0,Low,0.0,87.0,0,0,34.800000000000004,Low,Low
F,16,0,8,7,3,2,no,yes,R1173,ECE,1,100.0,47,38,16,33.7,6877,0,High,0.0,99.44999999999999,0,90,48.78,Medium,Medium
F,16,4,10,11,0,2,yes,yes,R1174,CSE,1,90.7,51,53,92,65.3,7689,0,Low,13.949999999999996,52.050000000000004,0,0,26.400000000000002,Low,Low
M,17,4,10,9,0,2,no,yes,R1175,CE,7,93.2,41,46,72,53.0,16173,0,Low,10.199999999999996,70.5,0,0,32.28,Low,Low
F,16,2,13,13,0,2,no,yes,R1176,CSE,7,100.0,68,76,31,58.3,18571,1,High,0.0,62.550000000000004,30,0,28.020000000000003,Low,Low
M,17,4,6,5,0,2,no,yes,R1177,ME,3,96.1,34,26,47,35.7,5823,1,High,5.8500000000000085,96.44999999999999,30,0,43.92,Medium,Medium
M,16,10,10,8,0,1,yes,yes,R1178,ECE,3,81.1,56,37,39,44.0,15222,2,High,28.35000000000001,84.0,60,0,50.940000000000005,Medium,Medium
M,17,4,10,10,0,2,yes,yes,R1179,ECE,1,91.1,51,44,25,40.0,7599,2,High,13.350000000000009,90.0,60,0,47.34,Medium,Medium
M,16,10,9,8,0,2,yes,yes,R1180,ECE,3,79.0,36,36,37,36.3,3707,1,High,31.5,95.55000000000001,30,0,53.82000000000001,Medium,Medium
M,16,2,12,13,0,2,no,yes,R1181,CSE,1,99.4,66,74,88,76.0,9573,0,Low,0.8999999999999915,36.0,0,0,14.759999999999996,Very Low,Very Low
F,17,0,16,17,0,2,yes,yes,R1182,ECE,6,100.0,80,96,12,62.7,4344,1,High,0.0,55.949999999999996,30,0,25.38,Low,Low
F,17,56,9,9,0,2,yes,yes,R1183,CSE,2,40.0,43,37,2,27.3,15913,2,High,90.0,109.05000000000001,60,0,85.62,Very High,Very High
F,16,14,12,13,0,2,yes,yes,R1184,CE,8,70.0,58,69,40,55.7,11898,1,High,45.0,66.44999999999999,30,0,47.58,Medium,Medium
M,17,12,12,12,0,2,yes,yes,R1185,CSE,5,80.1,52,65,100,72.3,13923,1,High,29.85000000000001,41.550000000000004,30,0,31.560000000000006,Low,Low
M,16,2,11,12,0,1,yes,yes,R1186,CE,8,94.0,56,65,4,41.7,75,1,High,9.0,87.44999999999999,30,0,41.58,Medium,Medium
M,16,0,15,15,0,2,no,yes,R1187,CSE,5,100.0,72,70,21,54.3,10425,2,High,0.0,68.55000000000001,60,0,33.42,Low,Low
F,17,6,8,7,0,2,yes,yes,R1188,ME,4,87.9,35,38,26,33.0,2545,0,High,18.14999999999999,100.5,0,0,47.46,Medium,Medium
M,17,4,8,9,0,2,no,yes,R1189,ME,5,88.3,42,46,48,45.3,4399,0,Low,17.550000000000004,82.05000000000001,0,0,39.84000000000001,Low,Low
F,16,10,11,12,0,2,no,yes,R1190,CE,3,78.0,46,49,77,57.3,6934,0,Low,33.0,64.05000000000001,0,0,38.82000000000001,Low,Low
F,17,0,8,8,0,2,no,yes,R1191,ME,3,100.0,34,42,2,26.0,11018,1,High,0.0,111.0,30,0,47.400000000000006,Medium,Medium
M,17,12,7,8,0,2,no,yes,R1192,ECE,1,76.8,41,42,79,54.0,6119,0,Low,34.800000000000004,69.0,0,0,41.52,Medium,Medium
M,16,8,8,9,0,1,yes,yes,R1193,ECE,7,81.2,34,41,1,25.3,5450,0,High,28.199999999999996,112.05000000000001,0,0,56.10000000000001,Medium,Medium
M,16,0,13,14,0,1,no,yes,R1194,ECE,7,96.0,73,81,29,61.0,19893,1,High,6.0,58.5,30,0,28.800000000000004,Low,Low
F,17,0,14,15,0,2,no,yes,R1195,ME,1,100.0,58,73,9,46.7,6973,1,High,0.0,79.94999999999999,30,0,34.98,Low,Low
M,17,4,17,15,0,1,no,yes,R1196,CSE,7,89.1,69,84,14,55.7,9783,0,Low,16.35000000000001,66.44999999999999,0,0,33.120000000000005,Low,Low
M,16,8,9,9,0,1,yes,yes,R1197,ME,1,80.0,52,53,23,42.7,2999,2,High,30.0,85.94999999999999,60,0,52.379999999999995,Medium,Medium
F,17,24,18,18,1,1,yes,yes,R1198,CSE,8,48.2,76,100,12,62.7,11500,1,High,77.69999999999999,55.949999999999996,30,30,59.459999999999994,Medium,Medium
F,16,0,9,9,0,2,yes,yes,R1199,CSE,1,100.0,53,44,18,38.3,9040,0,High,0.0,92.55000000000001,0,0,37.02,Low,Low
F,16,2,16,16,0,2,yes,yes,R1200,ECE,3,96.7,88,77,89,84.7,16404,0,Low,4.949999999999996,22.949999999999996,0,0,11.159999999999997,Very Low,Very Low
F,16,6,8,10,0,2,yes,yes,R1201,ME,1,90.3,37,51,13,33.7,11782,1,High,14.550000000000004,99.44999999999999,30,0,48.6,Medium,Medium
F,17,4,9,9,0,2,yes,yes,R1202,CSE,3,89.7,51,42,56,49.7,17940,1,High,15.449999999999996,75.44999999999999,30,0,39.35999999999999,Low,Low
F,17,18,7,6,0,1,yes,yes,R1203,ME,1,62.7,30,25,66,40.3,18058,2,High,55.949999999999996,89.55000000000001,60,0,64.2,High,High
F,16,6,10,10,0,4,yes,yes,R1204,ME,1,90.2,58,53,59,56.7,6782,1,High,14.699999999999996,64.94999999999999,30,0,34.86,Low,Low
F,17,28,10,9,1,3,yes,yes,R1205,CE,5,46.4,56,42,62,53.3,14366,0,High,80.4,70.05000000000001,0,30,63.18000000000001,High,High
F,16,5,7,7,3,2,yes,yes,R1206,CSE,6,93.0,28,37,53,39.3,7305,0,High,10.5,91.05000000000001,0,90,49.62000000000001,Medium,Medium
F,16,10,11,12,0,2,no,yes,R1207,CE,1,83.0,55,71,4,43.3,1128,0,Low,25.5,85.05000000000001,0,0,44.220000000000006,Medium,Medium
F,16,6,9,9,0,1,yes,yes,R1208,ME,7,85.8,44,41,46,43.7,18174,2,High,21.300000000000004,84.44999999999999,60,0,48.3,Medium,Medium
F,17,6,7,7,0,3,yes,yes,R1209,CSE,1,89.3,36,39,14,29.7,11022,2,High,16.050000000000004,105.44999999999999,60,0,54.6,Medium,Medium
F,19,10,8,8,0,4,yes,yes,R1210,CSE,6,78.9,33,32,63,42.7,13611,0,Low,31.64999999999999,85.94999999999999,0,0,47.03999999999999,Medium,Medium
M,17,13,12,12,0,2,yes,yes,R1211,ECE,7,70.0,63,56,7,42.0,7000,0,Low,45.0,87.0,0,0,52.800000000000004,Medium,Medium
F,16,0,12,13,0,2,yes,yes,R1212,ME,7,99.2,54,68,6,42.7,5990,2,High,1.1999999999999957,85.94999999999999,60,0,40.85999999999999,Medium,Medium
M,18,15,6,7,1,2,yes,yes,R1213,CE,7,68.8,28,37,28,31.0,13352,1,High,46.800000000000004,103.5,30,30,66.12,High,High
F,17,12,8,10,0,1,yes,yes,R1214,ECE,6,77.4,39,54,25,39.3,3311,2,High,33.89999999999999,91.05000000000001,60,0,55.980000000000004,Medium,Medium
F,17,2,14,15,0,2,no,yes,R1215,ME,6,94.1,66,80,75,73.7,1683,1,High,8.850000000000009,39.449999999999996,30,0,22.320000000000004,Low,Low
F,17,22,6,6,2,2,no,yes,R1216,ME,3,60.8,30,29,69,42.7,1255,2,High,58.800000000000004,85.94999999999999,60,60,69.9,High,High
M,18,13,6,6,1,2,yes,yes,R1217,CE,2,75.0,31,31,79,47.0,3768,0,Low,37.5,79.5,0,30,49.8,Medium,Medium
F,17,3,7,7,0,1,yes,yes,R1218,CE,5,89.6,41,35,11,29.0,13055,1,High,15.600000000000009,106.5,30,0,51.84,Medium,Medium
F,17,4,9,10,0,3,yes,yes,R1219,ECE,8,87.6,50,42,91,61.0,753,1,High,18.60000000000001,58.5,30,0,33.84,Low,Low
F,17,2,6,6,0,2,yes,yes,R1220,ME,7,100.0,26,28,87,47.0,16464,0,Low,0.0,79.5,0,0,31.8,Low,Low
F,17,0,6,5,1,3,yes,yes,R1221,ME,8,97.6,29,26,95,50.0,1294,2,High,3.6000000000000085,75.0,60,30,40.440000000000005,Medium,Medium
F,16,2,16,16,0,2,no,yes,R1222,CSE,7,93.1,90,92,43,75.0,18217,2,High,10.350000000000009,37.5,60,0,25.140000000000004,Low,Low
M,18,0,12,13,0,2,yes,yes,R1223,ME,4,97.9,70,57,56,61.0,2860,0,Low,3.1499999999999915,58.5,0,0,24.66,Low,Low
F,16,0,13,13,0,3,yes,yes,R1224,CE,7,100.0,62,59,5,42.0,10905,1,High,0.0,87.0,30,0,37.800000000000004,Low,Low
F,18,16,9,8,1,2,no,yes,R1225,ME,2,68.1,42,34,14,30.0,3063,1,High,47.85000000000001,105.0,30,30,67.14,High,High
F,17,10,16,15,0,2,no,yes,R1226,ECE,6,75.2,74,65,56,65.0,8044,1,High,37.199999999999996,52.5,30,0,38.879999999999995,Low,Low
M,17,2,12,11,0,2,yes,yes,R1227,ME,2,100.0,50,54,87,63.7,2607,1,High,0.0,54.449999999999996,30,0,24.78,Low,Low
M,18,14,10,8,0,2,yes,yes,R1228,ECE,7,67.2,42,42,5,29.7,16309,0,High,49.199999999999996,105.44999999999999,0,0,61.86,High,High
F,17,10,12,10,0,3,no,yes,R1229,CE,3,79.7,52,43,42,45.7,14227,0,Low,30.449999999999996,81.44999999999999,0,0,44.76,Medium,Medium
F,17,14,13,13,0,2,no,yes,R1230,CE,2,73.6,60,66,19,48.3,13333,1,High,39.60000000000001,77.55000000000001,30,0,49.860000000000014,Medium,Medium
M,17,4,11,11,0,2,yes,yes,R1231,CE,6,93.7,48,52,91,63.7,12491,0,Low,9.449999999999996,54.449999999999996,0,0,25.56,Low,Low
M,17,14,11,9,0,2,yes,yes,R1232,CE,7,68.5,65,42,52,53.0,7498,0,Low,47.25,70.5,0,0,47.10000000000001,Medium,Medium
M,16,2,14,13,0,2,yes,yes,R1233,CE,3,93.1,68,53,50,57.0,16041,1,High,10.350000000000009,64.5,30,0,32.940000000000005,Low,Low
M,16,18,9,7,0,2,yes,yes,R1234,CSE,2,66.6,37,39,98,58.0,18420,0,Low,50.10000000000001,63.0,0,0,45.24000000000001,Medium,Medium
M,16,10,11,9,0,3,no,yes,R1235,ME,6,82.2,64,39,33,45.3,5475,0,Low,26.699999999999996,82.05000000000001,0,0,43.50000000000001,Medium,Medium
M,17,4,14,13,0,2,no,yes,R1236,ECE,6,93.5,81,55,64,66.7,15833,0,Low,9.75,49.949999999999996,0,0,23.880000000000003,Low,Low
F,16,20,13,12,0,1,no,yes,R1237,ME,3,56.4,74,56,99,76.3,18787,2,High,65.4,35.550000000000004,60,0,46.38000000000001,Medium,Medium
F,17,2,13,11,0,2,no,yes,R1238,ME,3,98.6,54,47,69,56.7,10295,0,Low,2.1000000000000085,64.94999999999999,0,0,26.82,Low,Low
M,18,0,7,7,1,2,no,no,R1239,CE,1,95.3,31,38,21,30.0,3309,0,High,7.050000000000004,105.0,0,30,47.82,Medium,Medium
M,17,14,12,12,0,2,no,yes,R1240,ECE,8,68.5,56,65,24,48.3,425,2,High,47.25,77.55000000000001,60,0,55.92000000000001,Medium,Medium
M,17,2,10,11,0,2,yes,yes,R1241,CE,6,99.4,47,54,21,40.7,17748,2,High,0.8999999999999915,88.94999999999999,60,0,41.94,Medium,Medium
M,16,0,6,0,0,1,no,yes,R1242,CE,3,100.0,28,0,23,17.0,17007,1,High,0.0,124.5,30,0,52.800000000000004,Medium,Medium
M,16,0,13,12,0,1,no,yes,R1243,ME,5,100.0,53,71,94,72.7,11927,1,High,0.0,40.949999999999996,30,0,19.38,Very Low,Very Low
F,18,0,7,0,0,3,yes,yes,R1244,ECE,5,100.0,34,0,40,24.7,7826,1,High,0.0,112.94999999999999,30,0,48.18,Medium,Medium
M,16,6,18,18,0,1,no,yes,R1245,ME,5,89.6,100,100,50,83.3,10161,2,High,15.600000000000009,25.050000000000004,60,0,22.260000000000005,Low,Low
M,17,4,12,12,0,1,no,yes,R1246,CE,1,96.5,49,58,16,41.0,1149,0,Low,5.25,88.5,0,0,37.5,Low,Low
M,22,16,6,8,3,1,no,no,R1247,ECE,7,64.2,34,36,18,29.3,8326,1,High,53.699999999999996,106.05000000000001,30,90,75.9,High,High
M,18,8,3,5,1,2,yes,yes,R1248,CSE,1,85.0,13,22,25,20.0,11632,1,High,22.5,120.0,30,30,63.0,High,Medium
M,16,0,13,15,0,1,no,yes,R1249,CSE,2,96.9,62,61,72,65.0,4264,0,Low,4.6499999999999915,52.5,0,0,22.859999999999996,Low,Low
M,18,0,6,8,1,1,no,no,R1250,CE,7,96.0,25,40,30,31.7,2264,1,High,6.0,102.44999999999999,30,30,49.379999999999995,Medium,Medium
M,16,6,7,10,0,2,yes,yes,R1251,CE,7,89.0,40,47,16,34.3,4460,0,High,16.5,98.55000000000001,0,0,46.02000000000001,Medium,Medium
M,18,4,6,9,1,1,no,no,R1252,ECE,3,93.9,28,51,46,41.7,10099,0,Low,9.149999999999991,87.44999999999999,0,30,41.63999999999999,Medium,Medium
M,16,0,8,9,0,1,no,yes,R1253,CE,3,97.9,36,48,4,29.3,1588,0,High,3.1499999999999915,106.05000000000001,0,0,43.68000000000001,Medium,Medium
M,17,0,8,12,0,1,no,yes,R1254,ME,2,100.0,44,54,63,53.7,10567,0,Low,0.0,69.44999999999999,0,0,27.779999999999998,Low,Low
M,17,2,7,9,1,1,yes,yes,R1255,CE,8,96.5,40,43,82,55.0,12712,0,Low,5.25,67.5,0,30,32.1,Low,Low
F,17,6,14,12,0,4,yes,yes,R1256,ECE,5,86.0,71,71,38,60.0,10701,2,High,21.0,60.0,60,0,38.4,Low,Low
M,19,12,11,11,0,2,yes,yes,R1257,CE,2,78.0,52,46,27,41.7,10623,0,Low,33.0,87.44999999999999,0,0,48.18,Medium,Medium
M,18,8,15,14,0,2,no,yes,R1258,CE,4,87.1,84,67,65,72.0,31,0,Low,19.35000000000001,42.0,0,0,24.540000000000006,Low,Low
F,17,0,10,9,0,4,no,yes,R1259,ECE,6,100.0,47,48,77,57.3,16202,0,Low,0.0,64.05000000000001,0,0,25.620000000000005,Low,Low
F,18,21,17,18,0,2,yes,yes,R1260,CSE,5,59.4,88,97,74,86.3,4105,0,High,60.900000000000006,20.550000000000004,0,0,32.580000000000005,Low,Low
M,18,2,8,8,0,2,yes,yes,R1261,CE,5,95.5,45,33,45,41.0,15842,2,High,6.75,88.5,60,0,44.1,Medium,Medium
M,18,1,13,12,0,3,no,yes,R1262,CE,7,96.3,71,54,17,47.3,4587,2,High,5.550000000000004,79.05000000000001,60,0,39.84,Low,Low
F,17,4,10,9,0,3,no,yes,R1263,CE,2,87.8,41,52,0,31.0,16671,1,High,18.300000000000004,103.5,30,0,51.720000000000006,Medium,Medium
F,18,0,9,10,0,3,yes,yes,R1264,ME,4,100.0,53,47,57,52.3,1136,0,Low,0.0,71.55000000000001,0,0,28.620000000000005,Low,Low
M,18,13,17,17,0,2,yes,yes,R1265,ME,3,75.0,79,74,14,55.7,13027,1,High,37.5,66.44999999999999,30,0,44.58,Medium,Medium
M,17,2,9,9,0,2,no,yes,R1266,CE,6,98.9,37,37,19,31.0,6467,0,High,1.6499999999999915,103.5,0,0,42.06,Medium,Medium
F,18,8,12,10,0,2,no,yes,R1267,ME,7,81.4,54,55,27,45.3,8454,0,Low,27.89999999999999,82.05000000000001,0,0,43.980000000000004,Medium,Medium
M,18,10,10,9,0,2,yes,yes,R1268,CSE,6,81.0,42,48,60,50.0,6777,1,High,28.5,75.0,30,0,44.4,Medium,Medium
F,18,0,6,0,0,2,yes,no,R1269,ME,1,100.0,31,0,99,43.3,15110,0,Low,0.0,85.05000000000001,0,0,34.02,Low,Low
F,19,15,9,9,2,2,yes,yes,R1270,CSE,4,71.6,47,36,82,55.0,9939,0,Low,42.60000000000001,67.5,0,60,50.040000000000006,Medium,Medium
F,18,4,15,14,0,4,yes,yes,R1271,CSE,2,91.6,79,63,29,57.0,10655,1,High,12.600000000000009,64.5,30,0,33.84,Low,Low
F,18,2,11,11,0,2,yes,yes,R1272,ECE,3,92.3,63,62,100,75.0,16032,1,High,11.550000000000004,37.5,30,0,22.62,Low,Low
M,17,2,15,14,0,2,yes,yes,R1273,CSE,4,97.4,78,56,71,68.3,19504,0,Low,3.8999999999999915,47.550000000000004,0,0,20.58,Low,Low
F,17,2,10,10,0,2,yes,yes,R1274,CE,6,93.1,58,54,79,63.7,14688,0,Low,10.350000000000009,54.449999999999996,0,0,25.920000000000005,Low,Low
F,17,6,12,12,0,2,yes,yes,R1275,ME,7,89.5,60,52,25,45.7,3440,0,Low,15.75,81.44999999999999,0,0,38.879999999999995,Low,Low
F,18,75,10,9,0,2,no,no,R1276,ECE,1,40.0,48,52,75,58.3,13068,1,High,90.0,62.550000000000004,30,0,64.02000000000001,High,High
M,18,22,9,9,0,1,no,yes,R1277,CSE,2,55.4,40,53,78,57.0,6654,0,High,66.9,64.5,0,0,52.56,Medium,Medium
F,18,15,9,8,1,2,yes,yes,R1278,CSE,1,68.5,45,48,26,39.7,6024,0,High,47.25,90.44999999999999,0,30,58.08,Medium,Medium
M,18,8,10,11,0,1,no,yes,R1279,ME,4,79.8,59,50,89,66.0,15962,1,High,30.300000000000004,51.0,30,0,35.52,Low,Low
M,17,30,8,8,0,1,no,yes,R1280,ME,8,40.0,38,41,28,35.7,19782,0,High,90.0,96.44999999999999,0,0,74.58,High,High
M,17,19,11,9,1,1,no,yes,R1281,ME,5,57.8,56,43,77,58.7,12104,0,High,63.300000000000004,61.949999999999996,0,30,53.10000000000001,Medium,Medium
F,18,1,12,12,0,4,yes,yes,R1282,ECE,8,94.4,65,51,5,40.3,13172,0,Low,8.399999999999991,89.55000000000001,0,0,39.18000000000001,Low,Low
F,18,4,8,9,0,2,no,yes,R1283,ECE,3,94.6,32,50,17,33.0,10153,1,High,8.100000000000009,100.5,30,0,46.440000000000005,Medium,Medium
F,17,4,10,9,0,2,yes,yes,R1284,CE,1,90.6,44,53,27,41.3,6696,0,Low,14.100000000000009,88.05000000000001,0,0,40.860000000000014,Medium,Medium
M,17,2,12,10,0,2,no,yes,R1285,CE,8,95.4,71,52,8,43.7,19604,0,Low,6.8999999999999915,84.44999999999999,0,0,36.53999999999999,Low,Low
F,18,5,18,18,0,3,yes,yes,R1286,ECE,4,92.8,75,76,90,80.3,14827,0,Low,10.800000000000004,29.550000000000004,0,0,16.140000000000004,Very Low,Very Low
F,17,6,13,12,0,3,yes,yes,R1287,CE,8,89.6,64,64,71,66.3,5197,2,High,15.600000000000009,50.550000000000004,60,0,32.46000000000001,Low,Low
M,18,6,15,14,0,3,no,yes,R1288,ECE,8,87.2,84,79,61,74.7,4838,0,Low,19.199999999999996,37.949999999999996,0,0,22.86,Low,Low
M,18,9,15,13,0,2,yes,yes,R1289,CSE,6,80.2,76,66,98,80.0,5413,0,Low,29.699999999999996,30.0,0,0,23.88,Low,Low
M,18,11,12,11,0,2,yes,yes,R1290,CSE,5,80.5,66,62,62,63.3,1670,0,Low,29.25,55.050000000000004,0,0,33.720000000000006,Low,Low
F,17,0,15,15,0,3,yes,yes,R1291,ME,3,100.0,65,75,43,61.0,19751,2,High,0.0,58.5,60,0,29.400000000000002,Low,Low
F,18,12,12,12,1,2,no,yes,R1292,ME,8,76.6,71,51,19,47.0,8907,0,Low,35.10000000000001,79.5,0,30,48.84,Medium,Medium
F,17,6,18,18,0,4,yes,yes,R1293,ECE,6,89.9,94,76,33,67.7,8218,0,Low,15.149999999999991,48.449999999999996,0,0,25.439999999999998,Low,Low
M,18,8,14,13,0,3,yes,yes,R1294,ME,7,86.4,61,74,9,48.0,2613,1,High,20.39999999999999,78.0,30,0,42.36,Medium,Medium
M,17,4,14,12,0,1,yes,yes,R1295,CE,5,90.3,64,66,5,45.0,4198,1,High,14.550000000000004,82.5,30,0,41.82,Medium,Medium
F,19,0,10,9,0,2,yes,yes,R1296,ME,3,100.0,45,44,75,54.7,1138,1,High,0.0,67.94999999999999,30,0,30.179999999999996,Low,Low
F,18,10,10,8,0,2,yes,yes,R1297,ME,7,76.9,45,42,36,41.0,12667,0,Low,34.64999999999999,88.5,0,0,49.26,Medium,Medium
F,18,0,14,13,0,4,yes,yes,R1298,CSE,3,99.0,76,55,100,77.0,9934,1,High,1.5,34.5,30,0,17.4,Very Low,Very Low
M,18,5,16,15,0,1,yes,yes,R1299,ECE,4,87.6,82,66,90,79.3,14063,1,High,18.60000000000001,31.050000000000004,30,0,22.860000000000007,Low,Low
F,18,14,12,10,0,2,yes,yes,R1300,ME,8,67.3,51,52,79,60.7,3803,1,High,49.050000000000004,58.949999999999996,30,0,46.2,Medium,Medium
M,17,0,11,11,0,1,no,yes,R1301,ECE,3,100.0,64,65,44,57.7,5539,0,Low,0.0,63.449999999999996,0,0,25.38,Low,Low
F,17,0,15,12,0,3,yes,yes,R1302,ECE,8,100.0,87,66,83,78.7,15481,0,Low,0.0,31.949999999999996,0,0,12.78,Very Low,Very Low
F,17,0,17,17,0,4,yes,yes,R1303,ECE,7,100.0,81,100,2,61.0,4209,0,Low,0.0,58.5,0,0,23.400000000000002,Low,Low
M,19,20,15,14,1,2,yes,yes,R1304,ME,7,61.5,66,80,50,65.3,18265,0,Low,57.75,52.050000000000004,0,30,46.92,Medium,Medium
F,18,8,14,12,1,2,yes,yes,R1305,CE,1,87.2,71,64,71,68.7,8295,0,Low,19.199999999999996,46.949999999999996,0,30,29.459999999999997,Low,Low
M,20,0,17,18,0,1,no,yes,R1306,ME,8,98.4,97,77,94,89.3,3689,0,Low,2.3999999999999915,16.050000000000004,0,0,7.379999999999998,Very Low,Very Low
M,19,38,8,9,1,1,yes,yes,R1307,CE,5,40.0,44,38,50,44.0,6711,1,High,90.0,84.0,30,30,75.6,High,High
M,19,0,15,12,1,2,no,yes,R1308,CE,1,95.9,60,62,97,73.0,4440,2,High,6.1499999999999915,40.5,60,30,27.659999999999997,Low,Low
F,19,18,12,10,1,2,yes,yes,R1309,ECE,1,60.0,48,57,54,53.0,8429,2,High,60.0,70.5,60,30,61.2,High,High
F,19,0,9,9,1,2,no,yes,R1310,ME,2,100.0,41,38,66,48.3,6579,1,High,0.0,77.55000000000001,30,30,37.02000000000001,Low,Low
F,19,20,14,12,0,2,yes,no,R1311,ME,6,60.6,80,67,81,76.0,1172,2,High,59.099999999999994,36.0,60,0,44.04,Medium,Medium
M,19,3,13,11,1,2,no,yes,R1312,ME,8,89.4,73,47,90,70.0,7696,0,Low,15.899999999999991,45.0,0,30,27.359999999999996,Low,Low
F,19,22,13,10,1,2,yes,yes,R1313,ECE,5,51.8,63,57,32,50.7,497,2,High,72.30000000000001,73.94999999999999,60,30,67.5,High,High
F,19,14,15,13,2,3,no,yes,R1314,ECE,7,75.4,60,55,64,59.7,18476,1,High,36.89999999999999,60.449999999999996,30,60,47.94,Medium,Medium
F,19,40,13,11,1,3,no,yes,R1315,ME,7,40.0,71,59,30,53.3,11296,0,High,90.0,70.05000000000001,0,30,67.02000000000001,High,High
F,18,0,8,8,0,2,yes,yes,R1316,CE,1,100.0,34,46,60,46.7,13237,0,Low,0.0,79.94999999999999,0,0,31.979999999999997,Low,Low
F,18,9,9,10,0,3,yes,yes,R1317,CSE,3,80.1,51,48,79,59.3,11457,0,Low,29.85000000000001,61.050000000000004,0,0,36.36000000000001,Low,Medium
F,17,0,11,11,0,3,yes,yes,R1318,CSE,8,99.4,63,47,1,37.0,8352,1,High,0.8999999999999915,94.5,30,0,41.160000000000004,Medium,Medium
F,18,2,11,11,0,2,yes,yes,R1319,CE,6,96.2,55,49,55,53.0,19467,0,Low,5.699999999999996,70.5,0,0,30.48,Low,Low
F,17,23,13,13,0,2,yes,yes,R1320,ME,3,49.0,76,54,60,63.3,1343,2,High,76.5,55.050000000000004,60,0,58.620000000000005,Medium,Medium
F,17,12,11,9,0,2,yes,yes,R1321,CSE,1,75.7,57,47,11,38.3,16756,2,High,36.449999999999996,92.55000000000001,60,0,57.6,Medium,Medium
F,17,3,11,11,0,3,yes,yes,R1322,ME,8,93.1,48,63,63,58.0,19231,0,Low,10.350000000000009,63.0,0,0,29.340000000000007,Low,Low
F,17,1,12,14,0,3,yes,yes,R1323,CE,8,95.0,70,75,46,63.7,6746,0,Low,7.5,54.449999999999996,0,0,24.78,Low,Low
F,17,0,16,15,0,3,no,yes,R1324,CSE,3,100.0,79,75,90,81.3,3832,1,High,0.0,28.050000000000004,30,0,14.220000000000002,Very Low,Very Low
M,18,3,9,12,0,3,no,yes,R1325,CE,5,93.1,38,61,22,40.3,15839,0,Low,10.350000000000009,89.55000000000001,0,0,39.96000000000001,Low,Low
M,17,3,14,15,0,1,no,yes,R1326,CE,7,93.8,80,76,15,57.0,13754,1,High,9.300000000000004,64.5,30,0,32.52,Low,Low
M,17,8,11,10,0,1,yes,yes,R1327,ECE,4,88.8,60,50,81,63.7,14740,0,Low,16.800000000000004,54.449999999999996,0,0,28.500000000000004,Low,Low
F,17,7,10,9,0,3,yes,yes,R1328,CE,7,87.3,47,38,73,52.7,1265,0,Low,19.050000000000004,70.94999999999999,0,0,36.0,Low,Low
F,17,4,14,14,0,3,yes,yes,R1329,CE,7,95.3,81,61,74,72.0,12528,1,High,7.050000000000004,42.0,30,0,22.620000000000005,Low,Low
M,18,2,9,8,0,4,yes,yes,R1330,ECE,4,91.2,49,45,84,59.3,15254,2,High,13.199999999999996,61.050000000000004,60,0,35.7,Low,Low
F,17,7,12,14,0,3,yes,yes,R1331,ECE,5,81.5,56,76,17,49.7,10858,0,Low,27.75,75.44999999999999,0,0,41.28,Medium,Medium
F,18,0,7,0,0,2,no,yes,R1332,CSE,4,97.9,39,0,59,32.7,6232,1,High,3.1499999999999915,100.94999999999999,30,0,44.63999999999999,Medium,Medium
F,18,0,8,8,0,2,no,yes,R1333,ECE,3,98.5,45,35,49,43.0,6069,1,High,2.25,85.5,30,0,38.1,Low,Low
F,18,0,10,9,0,4,no,yes,R1334,CSE,6,97.7,51,49,15,38.3,255,0,High,3.4499999999999957,92.55000000000001,0,0,38.4,Low,Medium
F,17,16,16,15,0,3,no,yes,R1335,ECE,4,68.5,85,67,79,77.0,6359,0,Low,47.25,34.5,0,0,32.7,Low,Low
F,19,12,14,13,1,3,no,yes,R1336,CSE,7,80.6,76,66,44,62.0,17110,0,Low,29.10000000000001,57.0,0,30,37.440000000000005,Low,Low
F,17,0,7,8,0,2,yes,yes,R1337,ME,6,99.7,31,44,22,32.3,8429,1,High,0.44999999999999574,101.55000000000001,30,0,43.800000000000004,Medium,Medium
F,18,7,16,15,0,4,yes,yes,R1338,CE,7,90.2,92,83,60,78.3,6794,0,Low,14.699999999999996,32.550000000000004,0,0,18.900000000000002,Very Low,Very Low
F,17,4,9,10,0,2,yes,yes,R1339,CSE,2,88.7,53,41,70,54.7,19049,0,Low,16.949999999999996,67.94999999999999,0,0,33.959999999999994,Low,Low
F,19,4,11,12,1,3,no,yes,R1340,ME,5,92.3,63,54,27,48.0,18543,0,Low,11.550000000000004,78.0,0,30,38.82000000000001,Low,Low
M,18,0,10,10,1,2,yes,yes,R1341,CE,1,100.0,43,42,58,47.7,18329,1,High,0.0,78.44999999999999,30,30,37.379999999999995,Low,Low
M,18,11,16,15,0,2,no,yes,R1342,CE,3,75.2,77,68,37,60.7,12929,0,Low,37.199999999999996,58.949999999999996,0,0,38.459999999999994,Low,Low
F,17,0,9,8,1,2,yes,yes,R1343,ECE,6,97.5,51,33,30,38.0,19129,1,High,3.75,93.0,30,30,44.7,Medium,Medium
F,18,4,11,10,0,3,yes,yes,R1344,ECE,7,96.5,64,54,50,56.0,11680,0,Low,5.25,66.0,0,0,28.500000000000004,Low,Low
F,18,7,13,13,0,3,no,yes,R1345,ME,5,90.7,76,75,93,81.3,3830,0,Low,13.949999999999996,28.050000000000004,0,0,16.8,Very Low,Very Low
M,18,9,16,15,0,3,no,yes,R1346,ECE,7,84.7,85,66,8,53.0,15989,2,High,22.949999999999996,70.5,60,0,43.38,Medium,Medium
M,18,0,10,10,0,3,yes,yes,R1347,ECE,7,100.0,46,55,87,62.7,2374,1,High,0.0,55.949999999999996,30,0,25.38,Low,Low
F,17,0,13,15,0,3,yes,yes,R1348,CE,3,96.6,74,75,63,70.7,9070,0,Low,5.1000000000000085,43.949999999999996,0,0,19.62,Very Low,Very Low
M,18,10,11,13,1,1,yes,yes,R1349,CE,3,77.9,54,72,5,43.7,15064,2,High,33.14999999999999,84.44999999999999,60,30,56.03999999999999,Medium,Medium
M,19,8,8,7,3,2,no,yes,R1350,CE,1,84.2,42,31,0,24.3,7354,0,High,23.699999999999996,113.55000000000001,0,90,63.900000000000006,High,High
M,17,2,13,13,0,2,yes,yes,R1351,ECE,5,92.1,59,75,17,50.3,11943,0,Low,11.850000000000009,74.55000000000001,0,0,34.56000000000001,Low,Low
M,18,7,8,7,1,1,no,no,R1352,ME,4,90.3,33,30,8,23.7,15278,0,High,14.550000000000004,114.44999999999999,0,30,54.6,Medium,Medium
M,19,4,8,8,1,1,yes,yes,R1353,CSE,1,93.1,33,37,51,40.3,8738,2,High,10.350000000000009,89.55000000000001,60,30,48.96000000000001,Medium,Medium
M,17,4,13,11,0,2,yes,yes,R1354,ME,2,89.3,63,63,13,46.3,5144,2,High,16.050000000000004,80.55000000000001,60,0,44.64000000000001,Medium,Medium
F,18,0,10,9,0,2,yes,yes,R1355,ME,2,100.0,48,42,84,58.0,2996,0,Low,0.0,63.0,0,0,25.200000000000003,Low,Low
F,17,4,12,13,0,2,yes,yes,R1356,CSE,5,89.2,65,63,34,54.0,7112,1,High,16.199999999999996,69.0,30,0,37.08,Low,Low
F,17,2,12,12,0,2,no,yes,R1357,CE,3,99.5,66,60,99,75.0,1338,0,Low,0.75,37.5,0,0,15.3,Very Low,Very Low
M,18,4,10,10,0,1,no,yes,R1358,CSE,6,90.4,50,53,35,46.0,17332,0,Low,14.399999999999991,81.0,0,0,38.16,Low,Low
F,18,0,18,16,0,3,no,yes,R1359,ECE,5,96.9,81,93,35,69.7,652,1,High,4.6499999999999915,45.449999999999996,30,0,23.039999999999996,Low,Low
F,18,0,13,13,0,2,no,yes,R1360,CE,1,100.0,74,74,57,68.3,8827,0,Low,0.0,47.550000000000004,0,0,19.020000000000003,Very Low,Very Low
M,18,2,13,12,1,2,no,no,R1361,CE,8,100.0,57,60,27,48.0,14293,1,High,0.0,78.0,30,30,37.2,Low,Low
F,18,0,11,11,0,2,yes,yes,R1362,CSE,3,99.3,59,44,50,51.0,5066,1,High,1.0500000000000043,73.5,30,0,32.82000000000001,Low,Low
F,17,0,16,15,0,2,yes,yes,R1363,ECE,8,96.6,79,73,41,64.3,833,0,Low,5.1000000000000085,53.550000000000004,0,0,23.460000000000004,Low,Low
F,17,0,12,11,0,2,no,yes,R1364,CSE,8,100.0,57,53,96,68.7,18529,1,High,0.0,46.949999999999996,30,0,21.779999999999998,Low,Low
M,18,4,10,10,0,2,yes,yes,R1365,ME,7,90.4,43,46,92,60.3,9705,0,Low,14.399999999999991,59.550000000000004,0,0,29.580000000000002,Low,Low
M,18,0,13,13,0,3,no,yes,R1366,CSE,2,100.0,63,58,43,54.7,14369,1,High,0.0,67.94999999999999,30,0,30.179999999999996,Low,Low
F,17,0,7,6,1,1,yes,yes,R1367,CE,7,100.0,29,36,99,54.7,19100,0,Low,0.0,67.94999999999999,0,30,30.179999999999996,Low,Low
F,18,0,11,10,0,1,yes,yes,R1368,CSE,7,99.4,50,43,39,44.0,18747,0,Low,0.8999999999999915,84.0,0,0,33.96,Low,Low
F,18,10,14,12,0,2,yes,yes,R1369,ECE,8,78.1,69,66,97,77.3,12891,2,High,32.85000000000001,34.050000000000004,60,0,32.760000000000005,Low,Low
F,19,4,7,7,2,2,no,yes,R1370,CE,5,95.9,38,37,11,28.7,8301,0,High,6.1499999999999915,106.94999999999999,0,60,51.239999999999995,Medium,Medium
M,18,3,14,12,0,1,yes,no,R1371,CE,1,93.5,73,72,59,68.0,257,0,Low,9.75,48.0,0,0,23.1,Low,Low
F,17,8,13,11,0,3,no,yes,R1372,ECE,1,84.8,59,50,82,63.7,11702,0,Low,22.800000000000004,54.449999999999996,0,0,30.900000000000006,Low,Low
F,17,14,6,5,0,1,no,yes,R1373,ME,8,69.2,27,24,62,37.7,3940,2,High,46.199999999999996,93.44999999999999,60,0,61.86,High,High
F,18,0,19,18,0,3,no,yes,R1374,CSE,6,100.0,100,73,60,77.7,6746,0,Low,0.0,33.449999999999996,0,0,13.379999999999999,Very Low,Very Low
F,18,2,8,8,0,3,no,yes,R1375,ECE,8,96.8,33,41,86,53.3,11402,0,Low,4.800000000000004,70.05000000000001,0,0,29.94000000000001,Low,Low
F,20,4,15,14,2,3,yes,yes,R1376,ECE,8,92.4,68,64,67,66.3,8968,0,Low,11.399999999999991,50.550000000000004,0,60,30.78,Low,Low
F,18,4,8,9,0,2,no,yes,R1377,ECE,4,92.1,44,43,11,32.7,16011,0,High,11.850000000000009,100.94999999999999,0,0,45.12,Medium,Medium
F,18,0,15,15,0,2,no,yes,R1378,ECE,6,100.0,76,73,5,51.3,17050,2,High,0.0,73.05000000000001,60,0,35.220000000000006,Low,Low
F,17,17,10,10,0,2,yes,yes,R1379,ME,2,64.5,54,58,42,51.3,14840,1,High,53.25,73.05000000000001,30,0,53.52000000000001,Medium,Medium
M,18,4,15,14,0,2,no,yes,R1380,CE,4,92.1,63,75,96,78.0,16333,2,High,11.850000000000009,33.0,60,0,23.940000000000005,Low,Low
M,18,5,7,6,0,1,no,yes,R1381,CE,8,89.8,29,31,78,46.0,947,2,High,15.300000000000004,81.0,60,0,44.52,Medium,Medium
M,17,2,11,11,0,2,no,yes,R1382,CE,4,95.1,48,54,17,39.7,12320,1,High,7.3500000000000085,90.44999999999999,30,0,42.120000000000005,Medium,Medium
M,19,0,6,5,1,1,no,yes,R1383,CE,2,99.7,28,23,73,41.3,2386,0,Low,0.44999999999999574,88.05000000000001,0,30,38.400000000000006,Low,Low
M,18,14,6,5,1,1,no,yes,R1384,CE,1,68.2,29,23,53,35.0,14793,1,High,47.699999999999996,97.5,30,30,64.08,High,High
F,18,2,10,9,0,3,no,yes,R1385,ME,4,94.8,48,53,63,54.7,15257,1,High,7.800000000000004,67.94999999999999,30,0,33.3,Low,Low
F,18,7,6,5,0,1,yes,yes,R1386,ME,7,86.0,33,26,71,43.3,8212,1,High,21.0,85.05000000000001,30,0,45.42,Medium,Medium
F,19,0,7,5,1,3,no,yes,R1387,ECE,2,96.3,37,23,83,47.7,14415,0,Low,5.550000000000004,78.44999999999999,0,30,36.599999999999994,Low,Low
F,18,0,7,9,0,2,yes,yes,R1388,CE,5,97.7,35,50,53,46.0,19643,1,High,3.4499999999999957,81.0,30,0,36.779999999999994,Low,Low
F,18,0,6,5,1,2,no,yes,R1389,CE,7,100.0,33,22,20,25.0,5636,0,High,0.0,112.5,0,30,48.0,Medium,Medium
M,20,11,9,9,2,2,yes,yes,R1390,CSE,7,74.0,43,41,37,40.3,274,0,Low,39.0,89.55000000000001,0,60,57.42000000000001,Medium,Medium
M,17,3,14,16,0,1,no,yes,R1391,ECE,3,95.5,60,77,82,73.0,6777,0,Low,6.75,40.5,0,0,18.9,Very Low,Low
M,21,3,10,8,3,1,no,yes,R1392,CSE,2,97.5,59,39,62,53.3,15261,1,High,3.75,70.05000000000001,30,90,41.52000000000001,Medium,Medium
M,18,0,11,12,0,1,no,yes,R1393,ME,6,96.1,48,54,16,39.3,411,0,High,5.8500000000000085,91.05000000000001,0,0,38.76000000000001,Low,Low
M,19,5,8,9,0,1,no,yes,R1394,CSE,7,91.7,45,41,89,58.3,10477,1,High,12.449999999999996,62.550000000000004,30,0,33.0,Low,Low
