Roll_No,Dept,Semester,Attendance%,Test1,Test2,Test3,Avg_Score,Fee_Pending,Backlogs,Risk_Label
STU001,BBA,7,84,20,13,4,12.33,3271,1,0
STU002,BCA,1,90,0,17,12,9.67,8538,2,1
STU003,ECE,1,55,10,9,15,11.33,4012,4,1
STU004,MECH,7,99,18,10,19,15.67,5510,4,1
STU005,ECE,4,70,2,5,5,4.0,615,1,1
STU006,BBA,6,67,13,20,4,12.33,1926,1,1
STU007,CSE,5,99,5,5,13,7.67,3586,4,1
STU008,BBA,2,53,15,6,0,7.0,4526,0,1
STU009,CSE,3,97,18,11,0,9.67,6518,2,1
STU010,BCA,6,68,6,13,11,10.0,2692,1,0
STU011,ECE,8,74,11,8,14,11.0,5373,3,1
STU012,MECH,6,79,10,10,9,9.67,9635,4,1
STU013,BCA,5,80,8,20,2,10.0,6872,2,1
STU014,BBA,4,72,20,2,4,8.67,9917,4,1
STU015,ECE,2,78,19,4,9,10.67,3542,0,0
STU016,CSE,7,71,6,2,19,9.0,1596,1,1
STU017,BCA,6,60,18,14,17,16.33,2571,0,0
STU018,CSE,4,75,19,2,13,11.33,1142,1,1
STU019,ECE,2,65,20,1,2,7.67,9705,2,1
STU020,MECH,4,77,11,6,15,10.67,2602,3,1
STU021,BCA,3,57,19,19,15,17.67,8071,3,1
STU022,BBA,3,62,16,9,12,12.33,983,0,0
STU023,ECE,5,74,15,19,1,11.67,3554,1,0
STU024,MECH,3,64,8,4,6,6.0,1676,1,1
STU025,MECH,6,86,0,3,9,4.0,7012,4,1
STU026,MECH,5,97,20,8,9,12.33,6489,4,1
STU027,ECE,1,83,10,19,20,16.33,5424,4,1
STU028,ECE,7,52,0,7,13,6.67,9911,3,1
STU029,MECH,1,85,16,14,5,11.67,4883,4,1
STU030,CSE,7,56,18,14,19,17.0,9933,1,1
STU031,MECH,1,98,16,5,9,10.0,4250,4,1
STU032,CSE,4,64,5,3,4,4.0,9350,1,1
STU033,CSE,5,73,3,3,9,5.0,480,0,1
STU034,MECH,4,99,18,11,19,16.0,1637,1,1
STU035,CSE,7,85,11,1,11,7.67,1956,4,1
STU036,CSE,8,83,14,4,7,8.33,916,0,1
STU037,CSE,4,91,18,1,9,9.33,5422,1,1
STU038,ECE,2,67,4,11,17,10.67,3330,0,1
STU039,BBA,2,50,10,12,6,9.33,5693,2,1
STU040,BCA,8,55,12,5,12,9.67,9522,2,1
STU041,BBA,6,57,9,7,8,8.0,1894,4,1
STU042,ECE,5,86,13,8,3,8.0,5159,2,1
STU043,ECE,4,97,0,7,13,6.67,211,0,1
STU044,CSE,2,55,12,18,0,10.0,2474,4,1
STU045,BBA,7,99,9,19,4,10.67,5257,0,1
STU046,BBA,6,53,10,9,8,9.0,5229,0,1
STU047,ECE,7,85,19,0,13,10.67,2408,4,1
STU048,BCA,7,80,12,18,11,13.67,6704,1,0
STU049,CSE,5,81,8,10,6,8.0,5055,2,1
STU050,BBA,8,56,13,6,7,8.67,3963,2,1
STU051,ECE,6,77,7,1,6,4.67,5238,4,1
STU052,MECH,6,60,13,15,10,12.67,7033,1,1
STU053,CSE,1,69,20,3,0,7.67,9722,0,1
STU054,ECE,7,89,14,1,8,7.67,8480,1,1
STU055,BCA,6,83,7,13,11,10.33,9272,2,1
STU056,BBA,7,87,10,16,11,12.33,7558,0,1
STU057,BCA,8,54,12,1,6,6.33,9197,1,1
STU058,MECH,6,97,18,4,0,7.33,8794,2,1
STU059,CSE,6,79,8,19,6,11.0,4856,5,1
STU060,BBA,1,75,11,16,15,14.0,5556,2,1
STU061,MECH,5,70,20,19,1,13.33,5660,0,1
STU062,BBA,3,90,3,4,11,6.0,5457,2,1
STU063,ECE,5,84,6,10,11,9.0,8917,1,1
STU064,BCA,7,76,4,15,17,12.0,8378,4,1
STU065,ECE,1,67,13,9,13,11.67,9974,2,1
STU066,MECH,4,76,11,11,4,8.67,9023,5,1
STU067,BBA,3,72,0,2,4,2.0,2347,0,1
STU068,ECE,1,78,12,5,15,10.67,870,5,1
STU069,BCA,8,96,1,6,13,6.67,2416,1,1
STU070,BCA,5,80,13,2,11,8.67,8528,0,1
STU071,BBA,7,51,19,0,13,10.67,8742,5,1
STU072,BCA,7,56,7,17,17,13.67,7016,4,1
STU073,BCA,1,65,8,17,0,8.33,6764,1,1
STU074,BCA,5,81,16,6,14,12.0,9013,0,0
STU075,CSE,6,95,7,5,0,4.0,1680,0,1
STU076,CSE,4,81,9,8,11,9.33,1136,4,1
STU077,CSE,5,68,13,3,18,11.33,6855,2,1
STU078,BBA,3,62,5,16,15,12.0,589,4,1
STU079,BBA,5,89,0,18,3,7.0,2649,4,1
STU080,BBA,3,68,11,18,12,13.67,6441,4,1
STU081,BBA,4,59,3,19,14,12.0,1460,4,1
STU082,MECH,3,50,20,18,16,18.0,5921,4,1
STU083,BCA,5,61,6,3,10,6.33,3370,0,1
STU084,MECH,3,74,0,2,11,4.33,1547,0,1
STU085,BBA,4,72,3,2,18,7.67,963,0,1
STU086,CSE,5,94,13,11,2,8.67,7606,4,1
STU087,MECH,6,98,18,11,0,9.67,2900,0,1
STU088,ECE,4,55,5,12,20,12.33,7641,2,1
STU089,BCA,8,83,17,3,4,8.0,5107,1,1
STU090,MECH,4,59,20,18,14,17.33,6201,4,1
STU091,ECE,6,62,19,11,3,11.0,1483,0,0
STU092,CSE,3,57,14,8,4,8.67,5747,0,1
STU093,CSE,4,83,13,5,1,6.33,9167,0,1
STU094,CSE,6,52,17,8,11,12.0,873,4,1
STU095,MECH,1,64,12,8,11,10.33,5171,5,1
STU096,BCA,8,98,15,10,15,13.33,662,4,1
STU097,BBA,1,74,14,4,15,11.0,3749,0,0
STU098,BBA,2,98,0,3,18,7.0,3276,4,1
STU099,MECH,5,68,7,7,16,10.0,4947,0,0
STU100,BBA,3,63,14,1,8,7.67,8480,0,1
STU101,CSE,4,96,0,13,18,10.33,8584,2,1
STU102,MECH,8,86,0,16,20,12.0,9609,0,1
STU103,CSE,5,100,9,13,17,13.0,1215,5,1
STU104,BCA,7,94,2,12,11,8.33,9497,4,1
STU105,BBA,7,96,6,5,18,9.67,8710,0,1
STU106,CSE,7,79,19,12,16,15.67,4166,4,1
STU107,MECH,3,79,1,1,1,1.0,2304,2,1
STU108,ECE,4,87,5,7,15,9.0,4961,1,1
STU109,CSE,3,84,1,13,9,7.67,2840,2,1
STU110,MECH,6,52,16,16,1,11.0,6469,0,1
STU111,BCA,1,92,17,10,9,12.0,4211,1,0
STU112,MECH,3,78,20,12,17,16.33,9146,0,0
STU113,MECH,1,83,12,4,2,6.0,2360,4,1
STU114,ECE,4,69,10,19,16,15.0,8845,1,0
STU115,CSE,4,53,16,15,15,15.33,1596,0,1
STU116,CSE,7,72,13,8,14,11.67,9597,1,0
STU117,BBA,8,54,18,20,11,16.33,6341,0,1
STU118,BBA,4,85,14,2,12,9.33,8680,2,1
STU119,MECH,1,84,4,0,18,7.33,3443,5,1
STU120,ECE,2,75,7,0,2,3.0,1656,1,1
STU121,CSE,6,53,4,10,5,6.33,2122,5,1
STU122,ECE,3,84,10,19,4,11.0,4204,4,1
STU123,BBA,4,73,16,14,11,13.67,7875,4,1
STU124,CSE,4,98,4,2,17,7.67,5446,5,1
STU125,CSE,4,50,5,17,15,12.33,6578,0,1
STU126,MECH,7,95,9,0,20,9.67,9708,1,1
STU127,MECH,6,91,16,16,13,15.0,9183,0,1
STU128,BBA,7,99,18,17,13,16.0,9433,2,1
STU129,BCA,4,86,4,11,1,5.33,1734,0,1
STU130,CSE,3,64,17,7,12,12.0,8207,0,1
STU131,MECH,3,100,20,3,20,14.33,7931,5,1
STU132,MECH,4,85,6,3,9,6.0,4899,0,1
STU133,BBA,3,89,0,0,3,1.0,2207,0,1
STU134,CSE,7,63,0,15,11,8.67,6114,2,1
STU135,ECE,7,86,18,1,10,9.67,4403,5,1
STU136,CSE,6,79,5,13,8,8.67,3485,5,1
STU137,BCA,1,95,19,0,10,9.67,1343,0,1
STU138,ECE,8,87,5,12,10,9.0,7063,2,1
STU139,BBA,5,91,9,1,16,8.67,8400,2,1
STU140,BCA,1,65,14,1,3,6.0,2751,5,1
STU141,BBA,5,58,14,16,17,15.67,2072,0,1
STU142,BCA,1,53,14,10,10,11.33,1472,0,1
STU143,MECH,1,83,9,19,17,15.0,8202,0,1
STU144,ECE,1,70,12,12,20,14.67,5934,5,1
STU145,MECH,1,88,20,14,8,14.0,1360,1,0
STU146,BBA,5,61,13,17,8,12.67,9688,2,1
STU147,CSE,3,58,12,8,13,11.0,5391,5,1
STU148,BCA,6,77,16,17,6,13.0,7274,5,1
STU149,BBA,1,64,10,6,2,6.0,7520,1,1
STU150,BCA,4,76,6,5,16,9.0,2692,0,1
STU151,CSE,8,70,14,12,14,13.33,2703,0,1
STU152,ECE,5,78,1,8,2,3.67,5927,5,1
STU153,CSE,3,66,19,1,10,10.0,4641,1,0
STU154,BBA,1,79,17,13,17,15.67,1852,0,1
STU155,BCA,4,70,15,11,3,9.67,9892,0,1
STU156,ECE,2,66,6,16,6,9.33,4325,0,1
STU157,MECH,3,59,17,7,18,14.0,5446,0,1
STU158,ECE,6,65,5,14,3,7.33,5417,0,1
STU159,MECH,4,87,13,17,13,14.33,6538,5,1
STU160,CSE,8,59,20,5,11,12.0,2424,0,1
STU161,ECE,2,73,13,0,11,8.0,2908,0,1
STU162,CSE,5,94,16,13,13,14.0,3557,3,1
STU163,MECH,7,62,10,4,12,8.67,4268,0,1
STU164,MECH,1,83,9,17,5,10.33,3925,0,0
STU165,MECH,1,74,15,7,7,9.67,2725,1,1
STU166,CSE,6,97,19,12,19,16.67,2070,0,0
STU167,CSE,4,50,9,1,2,4.0,4287,1,1
STU168,CSE,4,82,7,1,14,7.33,4735,0,1
STU169,BCA,6,83,12,8,9,9.67,987,3,1
STU170,CSE,8,64,20,7,5,10.67,1551,0,1
STU171,ECE,3,77,19,6,4,9.67,8748,0,1
STU172,CSE,8,85,9,15,20,14.67,7059,5,1
STU173,BCA,7,84,15,20,18,17.67,471,3,1
STU174,CSE,7,87,17,18,13,16.0,2521,0,0
STU175,MECH,7,67,17,2,1,6.67,3348,0,1
STU176,BCA,1,58,14,4,6,8.0,5099,0,1
STU177,MECH,6,94,7,6,10,7.67,9267,0,1
STU178,BBA,6,76,14,8,18,13.33,6619,0,0
STU179,CSE,4,86,17,6,14,12.33,1818,1,0
STU180,MECH,3,67,7,2,0,3.0,3880,0,1
STU181,ECE,2,64,6,10,4,6.67,6802,5,1
STU182,BCA,8,50,17,0,15,10.67,749,0,1
STU183,BCA,8,89,16,4,2,7.33,6865,1,1
STU184,MECH,4,89,0,18,4,7.33,1699,0,1
STU185,BCA,8,59,7,0,14,7.0,5652,5,1
STU186,CSE,3,100,9,19,16,14.67,6338,5,1
STU187,MECH,2,75,15,0,6,7.0,7813,1,1
STU188,BBA,6,79,6,1,12,6.33,4739,5,1
STU189,MECH,7,62,8,3,2,4.33,6336,0,1
STU190,ECE,8,72,11,3,12,8.67,9851,3,1
STU191,MECH,8,72,9,16,5,10.0,4946,5,1
STU192,MECH,5,79,17,19,13,16.33,5039,0,0
STU193,ECE,3,99,3,5,11,6.33,3105,0,1
STU194,BCA,2,76,14,15,9,12.67,2950,0,0
STU195,BCA,5,61,14,8,9,10.33,6473,0,0
STU196,CSE,8,65,8,9,13,10.0,9352,5,1
STU197,BCA,8,57,13,4,6,7.67,6766,3,1
STU198,MECH,3,85,13,17,7,12.33,2830,4,1
STU199,BBA,4,65,10,2,19,10.33,2738,0,0
STU200,ECE,3,56,1,15,9,8.33,2030,4,1
STU201,MECH,3,55,12,14,19,15.0,8906,1,1
STU202,MECH,3,81,2,10,6,6.0,1834,0,1
STU203,BBA,8,70,7,16,4,9.0,8960,5,1
STU204,MECH,5,56,6,14,10,10.0,8420,1,1
STU205,BBA,4,50,1,3,13,5.67,4556,4,1
STU206,BCA,2,67,17,10,1,9.33,7150,0,1
STU207,BBA,7,76,10,0,13,7.67,9525,4,1
STU208,BCA,7,70,19,10,13,14.0,9852,5,1
STU209,BCA,5,77,19,20,3,14.0,4280,0,0
STU210,BBA,3,58,3,15,9,9.0,5607,3,1
STU211,MECH,8,61,8,20,13,13.67,1231,4,1
STU212,BBA,8,92,12,5,11,9.33,7802,5,1
STU213,MECH,3,87,6,2,4,4.0,7198,3,1
STU214,CSE,5,75,4,18,18,13.33,2324,5,1
STU215,BBA,3,91,10,17,19,15.33,1304,3,1
STU216,MECH,6,100,12,3,11,8.67,3055,3,1
STU217,BBA,2,96,18,6,3,9.0,6086,0,1
STU218,ECE,4,69,0,4,13,5.67,4490,3,1
STU219,ECE,4,63,18,1,13,10.67,3309,4,1
STU220,BCA,7,52,19,10,2,10.33,7359,5,1
STU221,ECE,7,57,17,11,4,10.67,7393,1,1
STU222,BBA,6,88,11,8,3,7.33,2289,1,1
STU223,BCA,2,91,5,2,7,4.67,7892,0,1
STU224,CSE,1,83,16,13,14,14.33,1945,1,0
STU225,MECH,3,69,3,16,4,7.67,9274,1,1
STU226,ECE,1,50,6,0,4,3.33,5796,5,1
STU227,BCA,2,78,20,13,10,14.33,4176,4,1
STU228,BCA,1,90,2,12,1,5.0,2486,1,1
STU229,BCA,2,85,10,17,16,14.33,8291,0,0
STU230,CSE,4,67,2,6,10,6.0,1808,0,1
STU231,ECE,7,60,14,12,17,14.33,9583,1,0
STU232,BCA,1,81,3,18,17,12.67,9480,4,1
STU233,CSE,1,73,13,0,17,10.0,7786,4,1
STU234,BCA,5,52,15,1,5,7.0,4695,0,1
STU235,BBA,4,73,8,11,11,10.0,2334,5,1
STU236,BBA,5,56,9,17,10,12.0,3052,0,1
STU237,ECE,8,71,13,5,4,7.33,4531,4,1
STU238,BBA,1,77,5,17,4,8.67,712,4,1
STU239,BBA,7,54,4,14,18,12.0,723,4,1
STU240,CSE,1,79,9,12,6,9.0,5763,5,1
STU241,CSE,8,74,18,16,13,15.67,1441,0,0
STU242,BBA,4,76,4,15,14,11.0,7594,5,1
STU243,ECE,4,64,8,4,12,8.0,9006,4,1
STU244,ECE,8,77,14,18,8,13.33,6939,3,1
STU245,BCA,3,82,9,11,6,8.67,9645,3,1
STU246,MECH,2,54,10,11,7,9.33,7826,0,1
STU247,CSE,5,83,20,5,20,15.0,2728,0,0
STU248,BBA,4,75,4,7,18,9.67,3355,0,1
STU249,ECE,7,51,4,4,8,5.33,9756,0,1
STU250,BCA,7,55,14,3,7,8.0,1803,0,1
STU251,CSE,6,91,5,12,9,8.67,1586,3,1
STU252,MECH,4,75,6,19,7,10.67,2801,5,1
STU253,BCA,2,72,6,20,1,9.0,2843,4,1
STU254,CSE,8,61,10,19,5,11.33,8344,4,1
STU255,BCA,4,70,10,10,12,10.67,19,2,1
STU256,MECH,7,93,1,0,15,5.33,9424,2,1
STU257,BCA,8,99,12,5,2,6.33,5413,1,1
STU258,ECE,6,75,8,0,18,8.67,3691,5,1
STU259,BCA,8,77,19,18,14,17.0,7651,3,1
STU260,MECH,5,69,17,20,6,14.33,5605,4,1
STU261,MECH,4,95,20,9,13,14.0,6585,3,1
STU262,CSE,3,73,10,1,19,10.0,6307,5,1
STU263,BBA,7,90,11,12,1,8.0,8755,4,1
STU264,BCA,5,66,18,10,19,15.67,1193,3,1
STU265,CSE,3,84,11,7,9,9.0,8943,3,1
STU266,CSE,5,92,4,5,15,8.0,9320,1,1
STU267,BCA,7,93,16,10,0,8.67,4132,1,1
STU268,BCA,1,60,2,12,11,8.33,7599,1,1
STU269,ECE,3,65,20,20,18,19.33,733,1,0
STU270,BBA,2,53,8,12,5,8.33,4829,2,1
STU271,BBA,8,65,17,7,0,8.0,8494,0,1
STU272,BBA,2,68,9,14,11,11.33,3270,0,0
STU273,CSE,2,89,1,16,3,6.67,797,2,1
STU274,MECH,3,86,4,0,4,2.67,9809,3,1
STU275,BCA,2,67,19,5,17,13.67,8361,5,1
STU276,CSE,2,68,6,4,5,5.0,6989,0,1
STU277,MECH,1,83,0,1,17,6.0,5378,1,1
STU278,BBA,5,78,11,19,10,13.33,9089,3,1
STU279,BCA,1,89,10,0,17,9.0,2219,1,1
STU280,MECH,6,53,17,3,20,13.33,1644,5,1
STU281,BBA,4,55,3,15,10,9.33,2423,3,1
STU282,ECE,4,63,20,11,19,16.67,4707,3,1
STU283,BBA,2,98,12,1,3,5.33,8586,0,1
STU284,BCA,1,67,20,7,10,12.33,8178,2,1
STU285,BBA,6,77,17,4,8,9.67,279,3,1
STU286,ECE,1,88,6,13,11,10.0,8145,5,1
STU287,MECH,8,92,8,10,14,10.67,4686,4,1
STU288,ECE,8,87,10,3,1,4.67,2234,4,1
STU289,MECH,8,76,9,7,0,5.33,170,0,1
STU290,BCA,2,97,16,8,5,9.67,8894,3,1
STU291,BBA,6,86,0,6,12,6.0,2325,2,1
STU292,BCA,4,81,2,18,14,11.33,1390,3,1
STU293,CSE,4,84,14,9,17,13.33,8320,5,1
STU294,ECE,6,76,14,20,16,16.67,2767,3,1
STU295,MECH,3,86,9,2,8,6.33,2078,1,1
STU296,BBA,5,57,19,18,0,12.33,3564,4,1
STU297,BCA,8,50,17,9,2,9.33,5988,4,1
STU298,MECH,3,72,4,6,15,8.33,1813,3,1
STU299,MECH,5,76,12,9,1,7.33,3769,4,1
STU300,MECH,3,97,10,2,19,10.33,1402,0,0
STU301,CSE,6,61,7,10,19,12.0,3653,2,1
STU302,BBA,3,68,20,4,4,9.33,5720,0,1
STU303,ECE,2,95,13,10,15,12.67,3860,2,1
STU304,CSE,3,57,11,16,18,15.0,5027,4,1
STU305,BBA,2,50,15,9,7,10.33,6001,4,1
STU306,BBA,3,50,16,9,7,10.67,6427,0,1
STU307,BBA,7,51,14,15,7,12.0,3303,3,1
STU308,ECE,1,72,2,20,8,10.0,6891,4,1
STU309,CSE,4,87,20,16,11,15.67,4451,2,1
STU310,ECE,8,88,1,11,12,8.0,6762,5,1
STU311,BCA,1,97,13,8,13,11.33,2031,1,0
STU312,BBA,6,56,20,8,9,12.33,7345,0,1
STU313,ECE,4,69,9,18,11,12.67,4153,4,1
STU314,MECH,6,66,20,6,19,15.0,1085,0,0
STU315,CSE,6,59,1,6,14,7.0,7450,3,1
STU316,MECH,3,62,13,20,2,11.67,1108,0,0
STU317,CSE,1,88,18,9,17,14.67,477,4,1
STU318,MECH,7,100,8,20,6,11.33,463,0,0
STU319,BBA,7,84,11,3,20,11.33,962,4,1
STU320,CSE,6,57,19,10,2,10.33,8409,0,1
STU321,MECH,4,77,20,2,15,12.33,8185,3,1
STU322,MECH,3,97,4,7,13,8.0,6823,4,1
STU323,CSE,5,96,19,19,4,14.0,7533,0,0
STU324,BBA,7,62,16,7,5,9.33,5863,5,1
STU325,BBA,1,66,15,16,2,11.0,7394,4,1
STU326,CSE,3,69,20,3,16,13.0,4090,0,0
STU327,CSE,1,51,1,19,13,11.0,9332,1,1
STU328,BCA,1,88,7,10,17,11.33,7775,2,1
STU329,MECH,7,88,16,19,17,17.33,8365,4,1
STU330,MECH,7,88,8,2,7,5.67,7122,0,1
STU331,MECH,2,98,10,4,7,7.0,7845,4,1
STU332,CSE,8,68,20,0,15,11.67,2265,0,0
STU333,MECH,1,84,16,8,19,14.33,7624,1,0
STU334,MECH,3,90,20,2,18,13.33,3317,2,1
STU335,BCA,4,70,9,2,4,5.0,8167,1,1
STU336,BBA,4,62,13,0,20,11.0,917,2,1
STU337,BCA,4,78,16,1,20,12.33,7425,2,1
STU338,BCA,8,83,3,2,7,4.0,2490,3,1
STU339,MECH,7,57,0,0,16,5.33,1024,3,1
STU340,MECH,5,89,3,15,17,11.67,8513,1,0
STU341,MECH,5,99,4,8,2,4.67,8835,5,1
STU342,ECE,8,93,9,19,8,12.0,6611,4,1
STU343,MECH,2,55,1,20,17,12.67,4794,3,1
STU344,CSE,3,81,20,7,6,11.0,4246,0,0
STU345,BCA,4,99,3,16,19,12.67,2516,1,0
STU346,BBA,7,55,10,15,15,13.33,2545,5,1
STU347,CSE,3,72,14,20,0,11.33,2731,1,0
STU348,MECH,3,84,14,7,6,9.0,27,0,1
STU349,BCA,8,74,18,8,13,13.0,2447,4,1
STU350,BCA,5,84,10,15,20,15.0,7261,5,1
STU351,ECE,4,88,9,15,3,9.0,7004,5,1
STU352,ECE,2,88,5,8,9,7.33,8821,2,1
STU353,CSE,1,64,3,20,3,8.67,3646,2,1
STU354,BCA,5,76,18,18,0,12.0,9394,2,1
STU355,ECE,7,55,18,9,3,10.0,7437,1,1
STU356,CSE,6,67,16,8,2,8.67,7908,3,1
STU357,CSE,3,81,12,20,12,14.67,572,4,1
STU358,CSE,7,99,7,12,20,13.0,2482,5,1
STU359,CSE,1,59,15,14,4,11.0,220,4,1
STU360,BBA,2,66,13,10,8,10.33,2966,4,1
STU361,BBA,1,52,2,12,18,10.67,3275,0,1
STU362,CSE,6,80,13,10,2,8.33,257,5,1
STU363,CSE,8,51,4,19,6,9.67,7809,3,1
STU364,BCA,7,89,17,6,12,11.67,969,2,1
STU365,MECH,3,52,16,4,20,13.33,2488,3,1
STU366,MECH,4,93,1,1,17,6.33,4931,3,1
STU367,CSE,3,78,20,11,9,13.33,8301,4,1
STU368,BBA,6,78,11,17,2,10.0,680,4,1
STU369,MECH,6,100,7,15,11,11.0,9124,2,1
STU370,CSE,1,54,15,14,11,13.33,4636,0,1
STU371,ECE,4,87,4,17,8,9.67,9161,3,1
STU372,ECE,2,80,3,2,17,7.33,1903,2,1
STU373,BBA,7,58,16,10,16,14.0,3633,5,1
STU374,CSE,2,60,20,6,20,15.33,6390,4,1
STU375,MECH,1,61,2,19,2,7.67,2584,0,1
STU376,BCA,3,85,19,5,9,11.0,6192,2,1
STU377,CSE,8,67,2,5,20,9.0,2288,5,1
STU378,ECE,1,99,19,12,19,16.67,5266,0,0
STU379,BCA,6,90,17,17,8,14.0,6342,1,0
STU380,ECE,8,94,2,12,13,9.0,307,0,1
STU381,CSE,5,98,3,11,18,10.67,1914,3,1
STU382,BBA,5,64,9,15,6,10.0,7031,0,0
STU383,BBA,5,79,20,3,15,12.67,6331,1,0
STU384,CSE,6,85,4,9,5,6.0,7105,1,1
STU385,CSE,2,75,14,17,15,15.33,1601,5,1
STU386,MECH,5,57,17,12,1,10.0,9722,1,1
STU387,MECH,6,61,4,12,14,10.0,298,0,0
STU388,BCA,3,59,4,11,7,7.33,4518,1,1
STU389,BCA,8,72,11,12,1,8.0,8123,0,1
STU390,CSE,6,71,13,16,16,15.0,2532,0,0
STU391,CSE,4,94,12,8,1,7.0,8216,3,1
STU392,BCA,1,66,4,11,5,6.67,6405,1,1
STU393,MECH,7,63,4,0,16,6.67,1340,4,1
STU394,BCA,8,78,19,7,2,9.33,2776,5,1
STU395,BBA,4,79,11,16,4,10.33,6720,4,1
STU396,ECE,6,51,18,11,11,13.33,3154,5,1
STU397,CSE,3,100,0,4,14,6.0,9656,2,1
STU398,CSE,3,68,15,4,13,10.67,5876,1,1
STU399,BCA,4,58,14,18,19,17.0,3165,2,1
STU400,ECE,2,70,4,6,15,8.33,3422,1,1
STU401,ECE,4,57,17,2,11,10.0,2010,1,1
STU402,ECE,5,57,0,1,10,3.67,3904,4,1
STU403,BCA,6,78,14,0,16,10.0,3432,3,1
STU404,CSE,1,79,18,9,15,14.0,4762,0,0
STU405,CSE,6,84,12,15,2,9.67,3399,3,1
STU406,CSE,7,64,11,3,9,7.67,2473,4,1
STU407,BBA,5,51,1,14,7,7.33,7944,0,1
STU408,MECH,3,85,2,9,3,4.67,4581,1,1
STU409,MECH,4,51,19,15,9,14.33,1508,1,1
STU410,MECH,8,80,17,9,0,8.67,9461,4,1
STU411,CSE,3,69,15,11,20,15.33,4573,0,0
STU412,BBA,5,96,7,5,4,5.33,17,0,1
STU413,BBA,8,69,4,12,1,5.67,5558,1,1
STU414,CSE,4,53,2,17,9,9.33,334,0,1
STU415,ECE,6,81,8,19,11,12.67,2236,1,1
STU416,ECE,3,52,12,4,12,9.33,2258,0,1
STU417,BCA,2,96,2,15,4,7.0,8807,2,1
STU418,BBA,7,71,17,10,17,14.67,514,0,0
STU419,ECE,8,87,5,12,9,8.67,7053,1,1
STU420,BBA,4,78,14,12,20,15.33,3237,1,0
STU421,CSE,2,63,3,6,3,4.0,9316,1,1
STU422,ECE,1,92,17,16,1,11.33,557,3,1
STU423,BCA,4,93,4,11,12,9.0,2973,3,1
STU424,MECH,7,75,13,0,5,6.0,8500,4,1
STU425,CSE,3,91,2,11,13,8.67,8356,3,1
STU426,ECE,7,74,10,16,9,11.67,4844,1,0
STU427,ECE,8,79,19,15,11,15.0,1340,1,1
STU428,BCA,3,68,1,5,9,5.0,1572,1,1
STU429,MECH,6,55,10,15,6,10.33,5294,0,1
STU430,CSE,3,68,0,8,14,7.33,6461,1,1
STU431,MECH,6,100,9,3,2,4.67,8455,0,1
STU432,BBA,2,97,7,12,17,12.0,1692,3,1
STU433,CSE,8,81,19,15,8,14.0,6970,0,0
STU434,MECH,5,50,1,9,0,3.33,941,1,1
STU435,MECH,4,84,0,7,7,4.67,59,4,1
STU436,BBA,5,64,14,13,18,15.0,3337,3,1
STU437,ECE,4,59,12,11,13,12.0,8792,1,1
STU438,ECE,4,63,15,1,4,6.67,4790,5,1
STU439,CSE,8,79,4,5,5,4.67,9774,0,1
STU440,BCA,6,72,15,7,9,10.33,3409,0,0
STU441,CSE,6,73,0,17,14,10.33,2968,4,1
STU442,BCA,2,80,12,1,19,10.67,1601,0,0
STU443,BCA,2,95,9,9,16,11.33,8260,2,1
STU444,BBA,2,58,10,8,9,9.0,592,5,1
STU445,BCA,7,81,0,19,17,12.0,2326,5,1
STU446,ECE,6,87,8,16,15,13.0,8844,3,1
STU447,BBA,8,93,18,3,6,9.0,2730,5,1
STU448,MECH,3,88,20,15,0,11.67,7726,3,1
STU449,MECH,6,96,10,6,4,6.67,7104,5,1
STU450,ECE,3,51,6,10,6,7.33,8536,2,1
STU451,ECE,8,56,19,7,15,13.67,7298,1,1
STU452,MECH,8,65,12,19,17,16.0,2925,0,0
STU453,ECE,1,53,14,4,4,7.33,9120,5,1
STU454,BCA,2,85,19,11,17,15.67,1714,4,1
STU455,BBA,8,81,0,3,1,1.33,3913,4,1
STU456,CSE,7,99,7,0,0,2.33,3551,0,1
STU457,BBA,2,90,2,9,15,8.67,7631,5,1
STU458,BCA,5,62,14,4,18,12.0,8143,4,1
STU459,ECE,4,60,0,6,1,2.33,7610,2,1
STU460,BCA,7,91,15,3,10,9.33,4144,0,1
STU461,BCA,4,66,4,10,5,6.33,9478,4,1
STU462,BBA,5,51,16,8,13,12.33,2439,3,1
STU463,BBA,5,65,3,20,3,8.67,4769,4,1
STU464,CSE,8,60,10,5,2,5.67,6498,2,1
STU465,MECH,2,82,0,12,11,7.67,9094,4,1
STU466,BBA,6,88,13,11,2,8.67,475,2,1
STU467,MECH,8,89,0,6,1,2.33,786,3,1
STU468,BCA,5,56,5,9,7,7.0,3722,2,1
STU469,MECH,3,71,6,4,20,10.0,9935,4,1
STU470,BBA,8,50,15,20,3,12.67,6970,0,1
STU471,BCA,1,59,13,20,18,17.0,4543,0,1
STU472,ECE,3,59,19,0,15,11.33,3106,4,1
STU473,MECH,4,76,4,18,8,10.0,678,0,0
STU474,BCA,6,97,6,11,15,10.67,7514,1,0
STU475,MECH,2,75,0,2,16,6.0,3963,4,1
STU476,CSE,7,77,11,2,15,9.33,4103,3,1
STU477,BCA,7,51,19,4,5,9.33,4481,3,1
STU478,MECH,7,56,5,16,0,7.0,8663,2,1
STU479,MECH,4,69,14,8,15,12.33,2094,0,0
STU480,BBA,1,90,3,1,1,1.67,1954,3,1
STU481,MECH,6,91,9,10,8,9.0,7301,3,1
STU482,BCA,4,61,6,18,4,9.33,9341,4,1
STU483,BCA,5,69,8,0,15,7.67,3129,2,1
STU484,BCA,7,65,16,18,14,16.0,7024,3,1
STU485,ECE,3,88,13,12,9,11.33,7492,5,1
STU486,CSE,3,51,16,6,14,12.0,8916,5,1
STU487,BBA,7,55,20,11,9,13.33,4766,4,1
STU488,ECE,1,54,7,14,11,10.67,1971,5,1
STU489,CSE,2,57,8,14,9,10.33,8723,2,1
STU490,BCA,1,88,18,9,5,10.67,716,0,0
STU491,BCA,3,92,10,4,0,4.67,5539,5,1
STU492,BBA,5,52,2,14,12,9.33,2220,4,1
STU493,ECE,3,81,3,0,3,2.0,1638,2,1
STU494,BBA,6,94,17,8,18,14.33,957,4,1
STU495,MECH,5,61,20,0,17,12.33,2449,4,1
STU496,ECE,1,69,0,13,11,8.0,2406,3,1
STU497,MECH,3,92,7,17,17,13.67,987,3,1
STU498,ECE,2,74,18,6,6,10.0,2783,0,0
STU499,ECE,1,50,5,11,4,6.67,9151,5,1
STU500,BCA,3,96,12,4,3,6.33,4736,5,1
